inventory_id,film_id,store_id,last_update
1,1,1,15-02-2006 5.09
2,1,1,15-02-2006 5.09
3,1,1,15-02-2006 5.09
4,1,1,15-02-2006 5.09
5,1,2,15-02-2006 5.09
6,1,2,15-02-2006 5.09
7,1,2,15-02-2006 5.09
8,1,2,15-02-2006 5.09
9,2,2,15-02-2006 5.09
10,2,2,15-02-2006 5.09
11,2,2,15-02-2006 5.09
12,3,2,15-02-2006 5.09
13,3,2,15-02-2006 5.09
14,3,2,15-02-2006 5.09
15,3,2,15-02-2006 5.09
16,4,1,15-02-2006 5.09
17,4,1,15-02-2006 5.09
18,4,1,15-02-2006 5.09
19,4,1,15-02-2006 5.09
20,4,2,15-02-2006 5.09
21,4,2,15-02-2006 5.09
22,4,2,15-02-2006 5.09
23,5,2,15-02-2006 5.09
24,5,2,15-02-2006 5.09
25,5,2,15-02-2006 5.09
26,6,1,15-02-2006 5.09
27,6,1,15-02-2006 5.09
28,6,1,15-02-2006 5.09
29,6,2,15-02-2006 5.09
30,6,2,15-02-2006 5.09
31,6,2,15-02-2006 5.09
32,7,1,15-02-2006 5.09
33,7,1,15-02-2006 5.09
34,7,2,15-02-2006 5.09
35,7,2,15-02-2006 5.09
36,7,2,15-02-2006 5.09
37,8,2,15-02-2006 5.09
38,8,2,15-02-2006 5.09
39,8,2,15-02-2006 5.09
40,8,2,15-02-2006 5.09
41,9,1,15-02-2006 5.09
42,9,1,15-02-2006 5.09
43,9,1,15-02-2006 5.09
44,9,2,15-02-2006 5.09
45,9,2,15-02-2006 5.09
46,10,1,15-02-2006 5.09
47,10,1,15-02-2006 5.09
48,10,1,15-02-2006 5.09
49,10,1,15-02-2006 5.09
50,10,2,15-02-2006 5.09
51,10,2,15-02-2006 5.09
52,10,2,15-02-2006 5.09
53,11,1,15-02-2006 5.09
54,11,1,15-02-2006 5.09
55,11,1,15-02-2006 5.09
56,11,1,15-02-2006 5.09
57,11,2,15-02-2006 5.09
58,11,2,15-02-2006 5.09
59,11,2,15-02-2006 5.09
60,12,1,15-02-2006 5.09
61,12,1,15-02-2006 5.09
62,12,1,15-02-2006 5.09
63,12,2,15-02-2006 5.09
64,12,2,15-02-2006 5.09
65,12,2,15-02-2006 5.09
66,12,2,15-02-2006 5.09
67,13,2,15-02-2006 5.09
68,13,2,15-02-2006 5.09
69,13,2,15-02-2006 5.09
70,13,2,15-02-2006 5.09
71,15,1,15-02-2006 5.09
72,15,1,15-02-2006 5.09
73,15,2,15-02-2006 5.09
74,15,2,15-02-2006 5.09
75,15,2,15-02-2006 5.09
76,15,2,15-02-2006 5.09
77,16,1,15-02-2006 5.09
78,16,1,15-02-2006 5.09
79,16,2,15-02-2006 5.09
80,16,2,15-02-2006 5.09
81,17,1,15-02-2006 5.09
82,17,1,15-02-2006 5.09
83,17,1,15-02-2006 5.09
84,17,2,15-02-2006 5.09
85,17,2,15-02-2006 5.09
86,17,2,15-02-2006 5.09
87,18,1,15-02-2006 5.09
88,18,1,15-02-2006 5.09
89,18,1,15-02-2006 5.09
90,18,2,15-02-2006 5.09
91,18,2,15-02-2006 5.09
92,18,2,15-02-2006 5.09
93,19,1,15-02-2006 5.09
94,19,1,15-02-2006 5.09
95,19,1,15-02-2006 5.09
96,19,1,15-02-2006 5.09
97,19,2,15-02-2006 5.09
98,19,2,15-02-2006 5.09
99,20,1,15-02-2006 5.09
100,20,1,15-02-2006 5.09
101,20,1,15-02-2006 5.09
102,21,1,15-02-2006 5.09
103,21,1,15-02-2006 5.09
104,21,2,15-02-2006 5.09
105,21,2,15-02-2006 5.09
106,21,2,15-02-2006 5.09
107,21,2,15-02-2006 5.09
108,22,1,15-02-2006 5.09
109,22,1,15-02-2006 5.09
110,22,1,15-02-2006 5.09
111,22,1,15-02-2006 5.09
112,22,2,15-02-2006 5.09
113,22,2,15-02-2006 5.09
114,22,2,15-02-2006 5.09
115,23,1,15-02-2006 5.09
116,23,1,15-02-2006 5.09
117,23,1,15-02-2006 5.09
118,23,2,15-02-2006 5.09
119,23,2,15-02-2006 5.09
120,24,1,15-02-2006 5.09
121,24,1,15-02-2006 5.09
122,24,1,15-02-2006 5.09
123,24,1,15-02-2006 5.09
124,25,1,15-02-2006 5.09
125,25,1,15-02-2006 5.09
126,25,1,15-02-2006 5.09
127,25,1,15-02-2006 5.09
128,25,2,15-02-2006 5.09
129,25,2,15-02-2006 5.09
130,26,1,15-02-2006 5.09
131,26,1,15-02-2006 5.09
132,26,2,15-02-2006 5.09
133,26,2,15-02-2006 5.09
134,26,2,15-02-2006 5.09
135,27,1,15-02-2006 5.09
136,27,1,15-02-2006 5.09
137,27,1,15-02-2006 5.09
138,27,1,15-02-2006 5.09
139,28,1,15-02-2006 5.09
140,28,1,15-02-2006 5.09
141,28,1,15-02-2006 5.09
142,29,1,15-02-2006 5.09
143,29,1,15-02-2006 5.09
144,30,1,15-02-2006 5.09
145,30,1,15-02-2006 5.09
146,31,1,15-02-2006 5.09
147,31,1,15-02-2006 5.09
148,31,1,15-02-2006 5.09
149,31,1,15-02-2006 5.09
150,31,2,15-02-2006 5.09
151,31,2,15-02-2006 5.09
152,31,2,15-02-2006 5.09
153,31,2,15-02-2006 5.09
154,32,2,15-02-2006 5.09
155,32,2,15-02-2006 5.09
156,34,2,15-02-2006 5.09
157,34,2,15-02-2006 5.09
158,34,2,15-02-2006 5.09
159,34,2,15-02-2006 5.09
160,35,1,15-02-2006 5.09
161,35,1,15-02-2006 5.09
162,35,1,15-02-2006 5.09
163,35,1,15-02-2006 5.09
164,35,2,15-02-2006 5.09
165,35,2,15-02-2006 5.09
166,35,2,15-02-2006 5.09
167,37,1,15-02-2006 5.09
168,37,1,15-02-2006 5.09
169,37,1,15-02-2006 5.09
170,37,1,15-02-2006 5.09
171,37,2,15-02-2006 5.09
172,37,2,15-02-2006 5.09
173,37,2,15-02-2006 5.09
174,39,1,15-02-2006 5.09
175,39,1,15-02-2006 5.09
176,39,1,15-02-2006 5.09
177,39,2,15-02-2006 5.09
178,39,2,15-02-2006 5.09
179,39,2,15-02-2006 5.09
180,39,2,15-02-2006 5.09
181,40,2,15-02-2006 5.09
182,40,2,15-02-2006 5.09
183,40,2,15-02-2006 5.09
184,40,2,15-02-2006 5.09
185,42,2,15-02-2006 5.09
186,42,2,15-02-2006 5.09
187,42,2,15-02-2006 5.09
188,42,2,15-02-2006 5.09
189,43,1,15-02-2006 5.09
190,43,1,15-02-2006 5.09
191,43,1,15-02-2006 5.09
192,43,2,15-02-2006 5.09
193,43,2,15-02-2006 5.09
194,43,2,15-02-2006 5.09
195,43,2,15-02-2006 5.09
196,44,1,15-02-2006 5.09
197,44,1,15-02-2006 5.09
198,44,2,15-02-2006 5.09
199,44,2,15-02-2006 5.09
200,44,2,15-02-2006 5.09
201,45,1,15-02-2006 5.09
202,45,1,15-02-2006 5.09
203,45,1,15-02-2006 5.09
204,45,1,15-02-2006 5.09
205,45,2,15-02-2006 5.09
206,45,2,15-02-2006 5.09
207,46,2,15-02-2006 5.09
208,46,2,15-02-2006 5.09
209,46,2,15-02-2006 5.09
210,47,2,15-02-2006 5.09
211,47,2,15-02-2006 5.09
212,48,1,15-02-2006 5.09
213,48,1,15-02-2006 5.09
214,48,2,15-02-2006 5.09
215,48,2,15-02-2006 5.09
216,49,1,15-02-2006 5.09
217,49,1,15-02-2006 5.09
218,49,1,15-02-2006 5.09
219,49,2,15-02-2006 5.09
220,49,2,15-02-2006 5.09
221,49,2,15-02-2006 5.09
222,50,1,15-02-2006 5.09
223,50,1,15-02-2006 5.09
224,50,1,15-02-2006 5.09
225,50,2,15-02-2006 5.09
226,50,2,15-02-2006 5.09
227,51,1,15-02-2006 5.09
228,51,1,15-02-2006 5.09
229,51,2,15-02-2006 5.09
230,51,2,15-02-2006 5.09
231,51,2,15-02-2006 5.09
232,51,2,15-02-2006 5.09
233,52,2,15-02-2006 5.09
234,52,2,15-02-2006 5.09
235,53,1,15-02-2006 5.09
236,53,1,15-02-2006 5.09
237,54,1,15-02-2006 5.09
238,54,1,15-02-2006 5.09
239,54,1,15-02-2006 5.09
240,54,2,15-02-2006 5.09
241,54,2,15-02-2006 5.09
242,55,1,15-02-2006 5.09
243,55,1,15-02-2006 5.09
244,55,1,15-02-2006 5.09
245,55,1,15-02-2006 5.09
246,55,2,15-02-2006 5.09
247,55,2,15-02-2006 5.09
248,56,1,15-02-2006 5.09
249,56,1,15-02-2006 5.09
250,56,1,15-02-2006 5.09
251,56,2,15-02-2006 5.09
252,56,2,15-02-2006 5.09
253,57,1,15-02-2006 5.09
254,57,1,15-02-2006 5.09
255,57,1,15-02-2006 5.09
256,57,1,15-02-2006 5.09
257,57,2,15-02-2006 5.09
258,57,2,15-02-2006 5.09
259,57,2,15-02-2006 5.09
260,58,2,15-02-2006 5.09
261,58,2,15-02-2006 5.09
262,58,2,15-02-2006 5.09
263,58,2,15-02-2006 5.09
264,59,1,15-02-2006 5.09
265,59,1,15-02-2006 5.09
266,59,1,15-02-2006 5.09
267,59,2,15-02-2006 5.09
268,59,2,15-02-2006 5.09
269,60,1,15-02-2006 5.09
270,60,1,15-02-2006 5.09
271,60,1,15-02-2006 5.09
272,61,1,15-02-2006 5.09
273,61,1,15-02-2006 5.09
274,61,1,15-02-2006 5.09
275,61,1,15-02-2006 5.09
276,61,2,15-02-2006 5.09
277,61,2,15-02-2006 5.09
278,62,2,15-02-2006 5.09
279,62,2,15-02-2006 5.09
280,63,1,15-02-2006 5.09
281,63,1,15-02-2006 5.09
282,63,2,15-02-2006 5.09
283,63,2,15-02-2006 5.09
284,64,2,15-02-2006 5.09
285,64,2,15-02-2006 5.09
286,64,2,15-02-2006 5.09
287,65,2,15-02-2006 5.09
288,65,2,15-02-2006 5.09
289,65,2,15-02-2006 5.09
290,65,2,15-02-2006 5.09
291,66,1,15-02-2006 5.09
292,66,1,15-02-2006 5.09
293,66,1,15-02-2006 5.09
294,67,1,15-02-2006 5.09
295,67,1,15-02-2006 5.09
296,67,2,15-02-2006 5.09
297,67,2,15-02-2006 5.09
298,67,2,15-02-2006 5.09
299,67,2,15-02-2006 5.09
300,68,1,15-02-2006 5.09
301,68,1,15-02-2006 5.09
302,68,2,15-02-2006 5.09
303,68,2,15-02-2006 5.09
304,69,1,15-02-2006 5.09
305,69,1,15-02-2006 5.09
306,69,1,15-02-2006 5.09
307,69,1,15-02-2006 5.09
308,69,2,15-02-2006 5.09
309,69,2,15-02-2006 5.09
310,69,2,15-02-2006 5.09
311,69,2,15-02-2006 5.09
312,70,1,15-02-2006 5.09
313,70,1,15-02-2006 5.09
314,70,2,15-02-2006 5.09
315,70,2,15-02-2006 5.09
316,71,2,15-02-2006 5.09
317,71,2,15-02-2006 5.09
318,71,2,15-02-2006 5.09
319,71,2,15-02-2006 5.09
320,72,1,15-02-2006 5.09
321,72,1,15-02-2006 5.09
322,72,1,15-02-2006 5.09
323,72,1,15-02-2006 5.09
324,72,2,15-02-2006 5.09
325,72,2,15-02-2006 5.09
326,73,1,15-02-2006 5.09
327,73,1,15-02-2006 5.09
328,73,1,15-02-2006 5.09
329,73,1,15-02-2006 5.09
330,73,2,15-02-2006 5.09
331,73,2,15-02-2006 5.09
332,73,2,15-02-2006 5.09
333,73,2,15-02-2006 5.09
334,74,1,15-02-2006 5.09
335,74,1,15-02-2006 5.09
336,74,1,15-02-2006 5.09
337,74,2,15-02-2006 5.09
338,74,2,15-02-2006 5.09
339,75,2,15-02-2006 5.09
340,75,2,15-02-2006 5.09
341,75,2,15-02-2006 5.09
342,76,1,15-02-2006 5.09
343,76,1,15-02-2006 5.09
344,76,1,15-02-2006 5.09
345,77,1,15-02-2006 5.09
346,77,1,15-02-2006 5.09
347,77,1,15-02-2006 5.09
348,77,1,15-02-2006 5.09
349,77,2,15-02-2006 5.09
350,77,2,15-02-2006 5.09
351,78,1,15-02-2006 5.09
352,78,1,15-02-2006 5.09
353,78,1,15-02-2006 5.09
354,78,2,15-02-2006 5.09
355,78,2,15-02-2006 5.09
356,78,2,15-02-2006 5.09
357,78,2,15-02-2006 5.09
358,79,1,15-02-2006 5.09
359,79,1,15-02-2006 5.09
360,79,1,15-02-2006 5.09
361,79,2,15-02-2006 5.09
362,79,2,15-02-2006 5.09
363,79,2,15-02-2006 5.09
364,80,1,15-02-2006 5.09
365,80,1,15-02-2006 5.09
366,80,1,15-02-2006 5.09
367,80,1,15-02-2006 5.09
368,81,1,15-02-2006 5.09
369,81,1,15-02-2006 5.09
370,81,1,15-02-2006 5.09
371,81,1,15-02-2006 5.09
372,82,1,15-02-2006 5.09
373,82,1,15-02-2006 5.09
374,83,1,15-02-2006 5.09
375,83,1,15-02-2006 5.09
376,83,1,15-02-2006 5.09
377,83,2,15-02-2006 5.09
378,83,2,15-02-2006 5.09
379,84,1,15-02-2006 5.09
380,84,1,15-02-2006 5.09
381,84,1,15-02-2006 5.09
382,84,1,15-02-2006 5.09
383,85,2,15-02-2006 5.09
384,85,2,15-02-2006 5.09
385,85,2,15-02-2006 5.09
386,85,2,15-02-2006 5.09
387,86,1,15-02-2006 5.09
388,86,1,15-02-2006 5.09
389,86,1,15-02-2006 5.09
390,86,1,15-02-2006 5.09
391,86,2,15-02-2006 5.09
392,86,2,15-02-2006 5.09
393,86,2,15-02-2006 5.09
394,86,2,15-02-2006 5.09
395,88,2,15-02-2006 5.09
396,88,2,15-02-2006 5.09
397,88,2,15-02-2006 5.09
398,88,2,15-02-2006 5.09
399,89,1,15-02-2006 5.09
400,89,1,15-02-2006 5.09
401,89,1,15-02-2006 5.09
402,89,2,15-02-2006 5.09
403,89,2,15-02-2006 5.09
404,89,2,15-02-2006 5.09
405,90,1,15-02-2006 5.09
406,90,1,15-02-2006 5.09
407,90,1,15-02-2006 5.09
408,90,2,15-02-2006 5.09
409,90,2,15-02-2006 5.09
410,90,2,15-02-2006 5.09
411,91,1,15-02-2006 5.09
412,91,1,15-02-2006 5.09
413,91,1,15-02-2006 5.09
414,91,1,15-02-2006 5.09
415,91,2,15-02-2006 5.09
416,91,2,15-02-2006 5.09
417,91,2,15-02-2006 5.09
418,91,2,15-02-2006 5.09
419,92,1,15-02-2006 5.09
420,92,1,15-02-2006 5.09
421,92,2,15-02-2006 5.09
422,92,2,15-02-2006 5.09
423,93,2,15-02-2006 5.09
424,93,2,15-02-2006 5.09
425,93,2,15-02-2006 5.09
426,94,1,15-02-2006 5.09
427,94,1,15-02-2006 5.09
428,95,1,15-02-2006 5.09
429,95,1,15-02-2006 5.09
430,95,2,15-02-2006 5.09
431,95,2,15-02-2006 5.09
432,95,2,15-02-2006 5.09
433,96,1,15-02-2006 5.09
434,96,1,15-02-2006 5.09
435,96,1,15-02-2006 5.09
436,97,1,15-02-2006 5.09
437,97,1,15-02-2006 5.09
438,97,1,15-02-2006 5.09
439,97,1,15-02-2006 5.09
440,97,2,15-02-2006 5.09
441,97,2,15-02-2006 5.09
442,98,1,15-02-2006 5.09
443,98,1,15-02-2006 5.09
444,98,1,15-02-2006 5.09
445,99,1,15-02-2006 5.09
446,99,1,15-02-2006 5.09
447,99,1,15-02-2006 5.09
448,99,2,15-02-2006 5.09
449,99,2,15-02-2006 5.09
450,99,2,15-02-2006 5.09
451,100,1,15-02-2006 5.09
452,100,1,15-02-2006 5.09
453,100,1,15-02-2006 5.09
454,100,1,15-02-2006 5.09
455,100,2,15-02-2006 5.09
456,100,2,15-02-2006 5.09
457,101,1,15-02-2006 5.09
458,101,1,15-02-2006 5.09
459,101,1,15-02-2006 5.09
460,101,1,15-02-2006 5.09
461,101,2,15-02-2006 5.09
462,101,2,15-02-2006 5.09
463,102,2,15-02-2006 5.09
464,102,2,15-02-2006 5.09
465,103,1,15-02-2006 5.09
466,103,1,15-02-2006 5.09
467,103,1,15-02-2006 5.09
468,103,1,15-02-2006 5.09
469,103,2,15-02-2006 5.09
470,103,2,15-02-2006 5.09
471,103,2,15-02-2006 5.09
472,103,2,15-02-2006 5.09
473,104,2,15-02-2006 5.09
474,104,2,15-02-2006 5.09
475,104,2,15-02-2006 5.09
476,105,1,15-02-2006 5.09
477,105,1,15-02-2006 5.09
478,105,2,15-02-2006 5.09
479,105,2,15-02-2006 5.09
480,105,2,15-02-2006 5.09
481,106,1,15-02-2006 5.09
482,106,1,15-02-2006 5.09
483,107,2,15-02-2006 5.09
484,107,2,15-02-2006 5.09
485,109,1,15-02-2006 5.09
486,109,1,15-02-2006 5.09
487,109,1,15-02-2006 5.09
488,109,1,15-02-2006 5.09
489,109,2,15-02-2006 5.09
490,109,2,15-02-2006 5.09
491,109,2,15-02-2006 5.09
492,109,2,15-02-2006 5.09
493,110,1,15-02-2006 5.09
494,110,1,15-02-2006 5.09
495,110,1,15-02-2006 5.09
496,110,1,15-02-2006 5.09
497,111,2,15-02-2006 5.09
498,111,2,15-02-2006 5.09
499,111,2,15-02-2006 5.09
500,111,2,15-02-2006 5.09
501,112,1,15-02-2006 5.09
502,112,1,15-02-2006 5.09
503,112,1,15-02-2006 5.09
504,112,1,15-02-2006 5.09
505,112,2,15-02-2006 5.09
506,112,2,15-02-2006 5.09
507,112,2,15-02-2006 5.09
508,113,2,15-02-2006 5.09
509,113,2,15-02-2006 5.09
510,113,2,15-02-2006 5.09
511,113,2,15-02-2006 5.09
512,114,1,15-02-2006 5.09
513,114,1,15-02-2006 5.09
514,114,1,15-02-2006 5.09
515,114,1,15-02-2006 5.09
516,114,2,15-02-2006 5.09
517,114,2,15-02-2006 5.09
518,114,2,15-02-2006 5.09
519,115,1,15-02-2006 5.09
520,115,1,15-02-2006 5.09
521,115,1,15-02-2006 5.09
522,115,2,15-02-2006 5.09
523,115,2,15-02-2006 5.09
524,115,2,15-02-2006 5.09
525,115,2,15-02-2006 5.09
526,116,1,15-02-2006 5.09
527,116,1,15-02-2006 5.09
528,116,2,15-02-2006 5.09
529,116,2,15-02-2006 5.09
530,116,2,15-02-2006 5.09
531,116,2,15-02-2006 5.09
532,117,1,15-02-2006 5.09
533,117,1,15-02-2006 5.09
534,117,1,15-02-2006 5.09
535,117,1,15-02-2006 5.09
536,117,2,15-02-2006 5.09
537,117,2,15-02-2006 5.09
538,118,1,15-02-2006 5.09
539,118,1,15-02-2006 5.09
540,118,1,15-02-2006 5.09
541,118,1,15-02-2006 5.09
542,118,2,15-02-2006 5.09
543,118,2,15-02-2006 5.09
544,119,1,15-02-2006 5.09
545,119,1,15-02-2006 5.09
546,119,1,15-02-2006 5.09
547,119,2,15-02-2006 5.09
548,119,2,15-02-2006 5.09
549,119,2,15-02-2006 5.09
550,119,2,15-02-2006 5.09
551,120,1,15-02-2006 5.09
552,120,1,15-02-2006 5.09
553,120,1,15-02-2006 5.09
554,121,1,15-02-2006 5.09
555,121,1,15-02-2006 5.09
556,121,1,15-02-2006 5.09
557,121,2,15-02-2006 5.09
558,121,2,15-02-2006 5.09
559,121,2,15-02-2006 5.09
560,122,1,15-02-2006 5.09
561,122,1,15-02-2006 5.09
562,122,1,15-02-2006 5.09
563,122,1,15-02-2006 5.09
564,122,2,15-02-2006 5.09
565,122,2,15-02-2006 5.09
566,122,2,15-02-2006 5.09
567,123,1,15-02-2006 5.09
568,123,1,15-02-2006 5.09
569,123,2,15-02-2006 5.09
570,123,2,15-02-2006 5.09
571,123,2,15-02-2006 5.09
572,124,2,15-02-2006 5.09
573,124,2,15-02-2006 5.09
574,124,2,15-02-2006 5.09
575,125,2,15-02-2006 5.09
576,125,2,15-02-2006 5.09
577,126,2,15-02-2006 5.09
578,126,2,15-02-2006 5.09
579,126,2,15-02-2006 5.09
580,127,1,15-02-2006 5.09
581,127,1,15-02-2006 5.09
582,127,1,15-02-2006 5.09
583,127,1,15-02-2006 5.09
584,127,2,15-02-2006 5.09
585,127,2,15-02-2006 5.09
586,127,2,15-02-2006 5.09
587,127,2,15-02-2006 5.09
588,129,1,15-02-2006 5.09
589,129,1,15-02-2006 5.09
590,129,1,15-02-2006 5.09
591,129,2,15-02-2006 5.09
592,129,2,15-02-2006 5.09
593,129,2,15-02-2006 5.09
594,130,1,15-02-2006 5.09
595,130,1,15-02-2006 5.09
596,130,2,15-02-2006 5.09
597,130,2,15-02-2006 5.09
598,130,2,15-02-2006 5.09
599,130,2,15-02-2006 5.09
600,131,1,15-02-2006 5.09
601,131,1,15-02-2006 5.09
602,131,1,15-02-2006 5.09
603,131,1,15-02-2006 5.09
604,131,2,15-02-2006 5.09
605,131,2,15-02-2006 5.09
606,132,1,15-02-2006 5.09
607,132,1,15-02-2006 5.09
608,132,1,15-02-2006 5.09
609,132,1,15-02-2006 5.09
610,132,2,15-02-2006 5.09
611,132,2,15-02-2006 5.09
612,133,1,15-02-2006 5.09
613,133,1,15-02-2006 5.09
614,133,2,15-02-2006 5.09
615,133,2,15-02-2006 5.09
616,134,2,15-02-2006 5.09
617,134,2,15-02-2006 5.09
618,134,2,15-02-2006 5.09
619,135,1,15-02-2006 5.09
620,135,1,15-02-2006 5.09
621,135,1,15-02-2006 5.09
622,135,2,15-02-2006 5.09
623,135,2,15-02-2006 5.09
624,135,2,15-02-2006 5.09
625,135,2,15-02-2006 5.09
626,136,1,15-02-2006 5.09
627,136,1,15-02-2006 5.09
628,136,1,15-02-2006 5.09
629,137,2,15-02-2006 5.09
630,137,2,15-02-2006 5.09
631,137,2,15-02-2006 5.09
632,137,2,15-02-2006 5.09
633,138,1,15-02-2006 5.09
634,138,1,15-02-2006 5.09
635,138,2,15-02-2006 5.09
636,138,2,15-02-2006 5.09
637,138,2,15-02-2006 5.09
638,139,1,15-02-2006 5.09
639,139,1,15-02-2006 5.09
640,139,1,15-02-2006 5.09
641,139,1,15-02-2006 5.09
642,139,2,15-02-2006 5.09
643,139,2,15-02-2006 5.09
644,140,1,15-02-2006 5.09
645,140,1,15-02-2006 5.09
646,140,2,15-02-2006 5.09
647,140,2,15-02-2006 5.09
648,140,2,15-02-2006 5.09
649,141,1,15-02-2006 5.09
650,141,1,15-02-2006 5.09
651,141,1,15-02-2006 5.09
652,141,2,15-02-2006 5.09
653,141,2,15-02-2006 5.09
654,142,1,15-02-2006 5.09
655,142,1,15-02-2006 5.09
656,142,1,15-02-2006 5.09
657,142,2,15-02-2006 5.09
658,142,2,15-02-2006 5.09
659,143,1,15-02-2006 5.09
660,143,1,15-02-2006 5.09
661,143,1,15-02-2006 5.09
662,143,1,15-02-2006 5.09
663,143,2,15-02-2006 5.09
664,143,2,15-02-2006 5.09
665,143,2,15-02-2006 5.09
666,145,2,15-02-2006 5.09
667,145,2,15-02-2006 5.09
668,145,2,15-02-2006 5.09
669,146,1,15-02-2006 5.09
670,146,1,15-02-2006 5.09
671,146,1,15-02-2006 5.09
672,147,1,15-02-2006 5.09
673,147,1,15-02-2006 5.09
674,147,1,15-02-2006 5.09
675,147,2,15-02-2006 5.09
676,147,2,15-02-2006 5.09
677,147,2,15-02-2006 5.09
678,149,1,15-02-2006 5.09
679,149,1,15-02-2006 5.09
680,149,1,15-02-2006 5.09
681,149,2,15-02-2006 5.09
682,149,2,15-02-2006 5.09
683,149,2,15-02-2006 5.09
684,150,1,15-02-2006 5.09
685,150,1,15-02-2006 5.09
686,150,2,15-02-2006 5.09
687,150,2,15-02-2006 5.09
688,150,2,15-02-2006 5.09
689,150,2,15-02-2006 5.09
690,151,1,15-02-2006 5.09
691,151,1,15-02-2006 5.09
692,151,2,15-02-2006 5.09
693,151,2,15-02-2006 5.09
694,152,1,15-02-2006 5.09
695,152,1,15-02-2006 5.09
696,152,1,15-02-2006 5.09
697,152,1,15-02-2006 5.09
698,153,1,15-02-2006 5.09
699,153,1,15-02-2006 5.09
700,153,1,15-02-2006 5.09
701,153,1,15-02-2006 5.09
702,154,1,15-02-2006 5.09
703,154,1,15-02-2006 5.09
704,154,1,15-02-2006 5.09
705,154,2,15-02-2006 5.09
706,154,2,15-02-2006 5.09
707,154,2,15-02-2006 5.09
708,154,2,15-02-2006 5.09
709,155,1,15-02-2006 5.09
710,155,1,15-02-2006 5.09
711,155,2,15-02-2006 5.09
712,155,2,15-02-2006 5.09
713,155,2,15-02-2006 5.09
714,156,2,15-02-2006 5.09
715,156,2,15-02-2006 5.09
716,157,2,15-02-2006 5.09
717,157,2,15-02-2006 5.09
718,157,2,15-02-2006 5.09
719,158,1,15-02-2006 5.09
720,158,1,15-02-2006 5.09
721,158,2,15-02-2006 5.09
722,158,2,15-02-2006 5.09
723,158,2,15-02-2006 5.09
724,159,1,15-02-2006 5.09
725,159,1,15-02-2006 5.09
726,159,1,15-02-2006 5.09
727,159,1,15-02-2006 5.09
728,159,2,15-02-2006 5.09
729,159,2,15-02-2006 5.09
730,159,2,15-02-2006 5.09
731,160,1,15-02-2006 5.09
732,160,1,15-02-2006 5.09
733,160,2,15-02-2006 5.09
734,160,2,15-02-2006 5.09
735,160,2,15-02-2006 5.09
736,161,1,15-02-2006 5.09
737,161,1,15-02-2006 5.09
738,162,1,15-02-2006 5.09
739,162,1,15-02-2006 5.09
740,162,1,15-02-2006 5.09
741,162,2,15-02-2006 5.09
742,162,2,15-02-2006 5.09
743,162,2,15-02-2006 5.09
744,162,2,15-02-2006 5.09
745,163,2,15-02-2006 5.09
746,163,2,15-02-2006 5.09
747,163,2,15-02-2006 5.09
748,164,1,15-02-2006 5.09
749,164,1,15-02-2006 5.09
750,164,2,15-02-2006 5.09
751,164,2,15-02-2006 5.09
752,164,2,15-02-2006 5.09
753,165,1,15-02-2006 5.09
754,165,1,15-02-2006 5.09
755,165,1,15-02-2006 5.09
756,165,2,15-02-2006 5.09
757,165,2,15-02-2006 5.09
758,166,1,15-02-2006 5.09
759,166,1,15-02-2006 5.09
760,166,1,15-02-2006 5.09
761,166,1,15-02-2006 5.09
762,166,2,15-02-2006 5.09
763,166,2,15-02-2006 5.09
764,167,1,15-02-2006 5.09
765,167,1,15-02-2006 5.09
766,167,1,15-02-2006 5.09
767,167,1,15-02-2006 5.09
768,167,2,15-02-2006 5.09
769,167,2,15-02-2006 5.09
770,167,2,15-02-2006 5.09
771,168,1,15-02-2006 5.09
772,168,1,15-02-2006 5.09
773,169,1,15-02-2006 5.09
774,169,1,15-02-2006 5.09
775,169,2,15-02-2006 5.09
776,169,2,15-02-2006 5.09
777,170,1,15-02-2006 5.09
778,170,1,15-02-2006 5.09
779,170,2,15-02-2006 5.09
780,170,2,15-02-2006 5.09
781,170,2,15-02-2006 5.09
782,170,2,15-02-2006 5.09
783,172,1,15-02-2006 5.09
784,172,1,15-02-2006 5.09
785,172,1,15-02-2006 5.09
786,172,1,15-02-2006 5.09
787,172,2,15-02-2006 5.09
788,172,2,15-02-2006 5.09
789,172,2,15-02-2006 5.09
790,173,1,15-02-2006 5.09
791,173,1,15-02-2006 5.09
792,173,1,15-02-2006 5.09
793,173,2,15-02-2006 5.09
794,173,2,15-02-2006 5.09
795,174,1,15-02-2006 5.09
796,174,1,15-02-2006 5.09
797,174,1,15-02-2006 5.09
798,174,1,15-02-2006 5.09
799,174,2,15-02-2006 5.09
800,174,2,15-02-2006 5.09
801,174,2,15-02-2006 5.09
802,174,2,15-02-2006 5.09
803,175,1,15-02-2006 5.09
804,175,1,15-02-2006 5.09
805,175,2,15-02-2006 5.09
806,175,2,15-02-2006 5.09
807,175,2,15-02-2006 5.09
808,176,1,15-02-2006 5.09
809,176,1,15-02-2006 5.09
810,176,2,15-02-2006 5.09
811,176,2,15-02-2006 5.09
812,176,2,15-02-2006 5.09
813,176,2,15-02-2006 5.09
814,177,2,15-02-2006 5.09
815,177,2,15-02-2006 5.09
816,177,2,15-02-2006 5.09
817,178,1,15-02-2006 5.09
818,178,1,15-02-2006 5.09
819,179,1,15-02-2006 5.09
820,179,1,15-02-2006 5.09
821,179,1,15-02-2006 5.09
822,179,1,15-02-2006 5.09
823,180,2,15-02-2006 5.09
824,180,2,15-02-2006 5.09
825,181,1,15-02-2006 5.09
826,181,1,15-02-2006 5.09
827,181,1,15-02-2006 5.09
828,181,2,15-02-2006 5.09
829,181,2,15-02-2006 5.09
830,181,2,15-02-2006 5.09
831,181,2,15-02-2006 5.09
832,182,1,15-02-2006 5.09
833,182,1,15-02-2006 5.09
834,183,1,15-02-2006 5.09
835,183,1,15-02-2006 5.09
836,183,1,15-02-2006 5.09
837,183,2,15-02-2006 5.09
838,183,2,15-02-2006 5.09
839,183,2,15-02-2006 5.09
840,184,1,15-02-2006 5.09
841,184,1,15-02-2006 5.09
842,184,2,15-02-2006 5.09
843,184,2,15-02-2006 5.09
844,184,2,15-02-2006 5.09
845,185,1,15-02-2006 5.09
846,185,1,15-02-2006 5.09
847,186,1,15-02-2006 5.09
848,186,1,15-02-2006 5.09
849,186,2,15-02-2006 5.09
850,186,2,15-02-2006 5.09
851,187,2,15-02-2006 5.09
852,187,2,15-02-2006 5.09
853,187,2,15-02-2006 5.09
854,188,1,15-02-2006 5.09
855,188,1,15-02-2006 5.09
856,188,1,15-02-2006 5.09
857,189,1,15-02-2006 5.09
858,189,1,15-02-2006 5.09
859,189,2,15-02-2006 5.09
860,189,2,15-02-2006 5.09
861,189,2,15-02-2006 5.09
862,189,2,15-02-2006 5.09
863,190,2,15-02-2006 5.09
864,190,2,15-02-2006 5.09
865,190,2,15-02-2006 5.09
866,190,2,15-02-2006 5.09
867,191,1,15-02-2006 5.09
868,191,1,15-02-2006 5.09
869,191,1,15-02-2006 5.09
870,191,2,15-02-2006 5.09
871,191,2,15-02-2006 5.09
872,191,2,15-02-2006 5.09
873,193,1,15-02-2006 5.09
874,193,1,15-02-2006 5.09
875,193,1,15-02-2006 5.09
876,193,1,15-02-2006 5.09
877,193,2,15-02-2006 5.09
878,193,2,15-02-2006 5.09
879,193,2,15-02-2006 5.09
880,193,2,15-02-2006 5.09
881,194,1,15-02-2006 5.09
882,194,1,15-02-2006 5.09
883,194,2,15-02-2006 5.09
884,194,2,15-02-2006 5.09
885,196,1,15-02-2006 5.09
886,196,1,15-02-2006 5.09
887,197,1,15-02-2006 5.09
888,197,1,15-02-2006 5.09
889,199,1,15-02-2006 5.09
890,199,1,15-02-2006 5.09
891,199,1,15-02-2006 5.09
892,199,1,15-02-2006 5.09
893,199,2,15-02-2006 5.09
894,199,2,15-02-2006 5.09
895,199,2,15-02-2006 5.09
896,199,2,15-02-2006 5.09
897,200,1,15-02-2006 5.09
898,200,1,15-02-2006 5.09
899,200,1,15-02-2006 5.09
900,200,1,15-02-2006 5.09
901,200,2,15-02-2006 5.09
902,200,2,15-02-2006 5.09
903,200,2,15-02-2006 5.09
904,200,2,15-02-2006 5.09
905,201,1,15-02-2006 5.09
906,201,1,15-02-2006 5.09
907,201,1,15-02-2006 5.09
908,201,1,15-02-2006 5.09
909,202,1,15-02-2006 5.09
910,202,1,15-02-2006 5.09
911,202,1,15-02-2006 5.09
912,203,2,15-02-2006 5.09
913,203,2,15-02-2006 5.09
914,203,2,15-02-2006 5.09
915,203,2,15-02-2006 5.09
916,204,1,15-02-2006 5.09
917,204,1,15-02-2006 5.09
918,204,1,15-02-2006 5.09
919,204,1,15-02-2006 5.09
920,204,2,15-02-2006 5.09
921,204,2,15-02-2006 5.09
922,205,1,15-02-2006 5.09
923,205,1,15-02-2006 5.09
924,205,1,15-02-2006 5.09
925,205,1,15-02-2006 5.09
926,206,1,15-02-2006 5.09
927,206,1,15-02-2006 5.09
928,206,1,15-02-2006 5.09
929,206,1,15-02-2006 5.09
930,206,2,15-02-2006 5.09
931,206,2,15-02-2006 5.09
932,206,2,15-02-2006 5.09
933,206,2,15-02-2006 5.09
934,207,1,15-02-2006 5.09
935,207,1,15-02-2006 5.09
936,207,1,15-02-2006 5.09
937,207,1,15-02-2006 5.09
938,208,1,15-02-2006 5.09
939,208,1,15-02-2006 5.09
940,208,1,15-02-2006 5.09
941,209,1,15-02-2006 5.09
942,209,1,15-02-2006 5.09
943,209,1,15-02-2006 5.09
944,209,1,15-02-2006 5.09
945,210,2,15-02-2006 5.09
946,210,2,15-02-2006 5.09
947,210,2,15-02-2006 5.09
948,211,1,15-02-2006 5.09
949,211,1,15-02-2006 5.09
950,212,1,15-02-2006 5.09
951,212,1,15-02-2006 5.09
952,212,1,15-02-2006 5.09
953,212,2,15-02-2006 5.09
954,212,2,15-02-2006 5.09
955,213,1,15-02-2006 5.09
956,213,1,15-02-2006 5.09
957,213,1,15-02-2006 5.09
958,213,1,15-02-2006 5.09
959,214,2,15-02-2006 5.09
960,214,2,15-02-2006 5.09
961,214,2,15-02-2006 5.09
962,214,2,15-02-2006 5.09
963,215,1,15-02-2006 5.09
964,215,1,15-02-2006 5.09
965,215,1,15-02-2006 5.09
966,215,2,15-02-2006 5.09
967,215,2,15-02-2006 5.09
968,215,2,15-02-2006 5.09
969,216,1,15-02-2006 5.09
970,216,1,15-02-2006 5.09
971,216,2,15-02-2006 5.09
972,216,2,15-02-2006 5.09
973,216,2,15-02-2006 5.09
974,218,1,15-02-2006 5.09
975,218,1,15-02-2006 5.09
976,218,1,15-02-2006 5.09
977,218,1,15-02-2006 5.09
978,218,2,15-02-2006 5.09
979,218,2,15-02-2006 5.09
980,218,2,15-02-2006 5.09
981,219,1,15-02-2006 5.09
982,219,1,15-02-2006 5.09
983,219,1,15-02-2006 5.09
984,219,1,15-02-2006 5.09
985,220,1,15-02-2006 5.09
986,220,1,15-02-2006 5.09
987,220,1,15-02-2006 5.09
988,220,1,15-02-2006 5.09
989,220,2,15-02-2006 5.09
990,220,2,15-02-2006 5.09
991,220,2,15-02-2006 5.09
992,220,2,15-02-2006 5.09
993,222,1,15-02-2006 5.09
994,222,1,15-02-2006 5.09
995,222,2,15-02-2006 5.09
996,222,2,15-02-2006 5.09
997,222,2,15-02-2006 5.09
998,222,2,15-02-2006 5.09
999,223,2,15-02-2006 5.09
1000,223,2,15-02-2006 5.09
1001,224,1,15-02-2006 5.09
1002,224,1,15-02-2006 5.09
1003,225,1,15-02-2006 5.09
1004,225,1,15-02-2006 5.09
1005,225,1,15-02-2006 5.09
1006,226,1,15-02-2006 5.09
1007,226,1,15-02-2006 5.09
1008,226,2,15-02-2006 5.09
1009,226,2,15-02-2006 5.09
1010,226,2,15-02-2006 5.09
1011,227,1,15-02-2006 5.09
1012,227,1,15-02-2006 5.09
1013,227,1,15-02-2006 5.09
1014,227,2,15-02-2006 5.09
1015,227,2,15-02-2006 5.09
1016,228,1,15-02-2006 5.09
1017,228,1,15-02-2006 5.09
1018,228,1,15-02-2006 5.09
1019,228,2,15-02-2006 5.09
1020,228,2,15-02-2006 5.09
1021,228,2,15-02-2006 5.09
1022,228,2,15-02-2006 5.09
1023,229,1,15-02-2006 5.09
1024,229,1,15-02-2006 5.09
1025,229,2,15-02-2006 5.09
1026,229,2,15-02-2006 5.09
1027,230,1,15-02-2006 5.09
1028,230,1,15-02-2006 5.09
1029,231,1,15-02-2006 5.09
1030,231,1,15-02-2006 5.09
1031,231,1,15-02-2006 5.09
1032,231,1,15-02-2006 5.09
1033,231,2,15-02-2006 5.09
1034,231,2,15-02-2006 5.09
1035,231,2,15-02-2006 5.09
1036,231,2,15-02-2006 5.09
1037,232,1,15-02-2006 5.09
1038,232,1,15-02-2006 5.09
1039,232,1,15-02-2006 5.09
1040,232,2,15-02-2006 5.09
1041,232,2,15-02-2006 5.09
1042,233,1,15-02-2006 5.09
1043,233,1,15-02-2006 5.09
1044,233,1,15-02-2006 5.09
1045,233,1,15-02-2006 5.09
1046,233,2,15-02-2006 5.09
1047,233,2,15-02-2006 5.09
1048,234,1,15-02-2006 5.09
1049,234,1,15-02-2006 5.09
1050,234,1,15-02-2006 5.09
1051,234,1,15-02-2006 5.09
1052,234,2,15-02-2006 5.09
1053,234,2,15-02-2006 5.09
1054,234,2,15-02-2006 5.09
1055,235,1,15-02-2006 5.09
1056,235,1,15-02-2006 5.09
1057,235,2,15-02-2006 5.09
1058,235,2,15-02-2006 5.09
1059,235,2,15-02-2006 5.09
1060,235,2,15-02-2006 5.09
1061,236,2,15-02-2006 5.09
1062,236,2,15-02-2006 5.09
1063,236,2,15-02-2006 5.09
1064,236,2,15-02-2006 5.09
1065,237,1,15-02-2006 5.09
1066,237,1,15-02-2006 5.09
1067,238,1,15-02-2006 5.09
1068,238,1,15-02-2006 5.09
1069,239,1,15-02-2006 5.09
1070,239,1,15-02-2006 5.09
1071,239,1,15-02-2006 5.09
1072,239,1,15-02-2006 5.09
1073,239,2,15-02-2006 5.09
1074,239,2,15-02-2006 5.09
1075,239,2,15-02-2006 5.09
1076,239,2,15-02-2006 5.09
1077,240,2,15-02-2006 5.09
1078,240,2,15-02-2006 5.09
1079,240,2,15-02-2006 5.09
1080,241,1,15-02-2006 5.09
1081,241,1,15-02-2006 5.09
1082,241,1,15-02-2006 5.09
1083,241,1,15-02-2006 5.09
1084,242,1,15-02-2006 5.09
1085,242,1,15-02-2006 5.09
1086,242,2,15-02-2006 5.09
1087,242,2,15-02-2006 5.09
1088,242,2,15-02-2006 5.09
1089,243,1,15-02-2006 5.09
1090,243,1,15-02-2006 5.09
1091,243,2,15-02-2006 5.09
1092,243,2,15-02-2006 5.09
1093,243,2,15-02-2006 5.09
1094,243,2,15-02-2006 5.09
1095,244,1,15-02-2006 5.09
1096,244,1,15-02-2006 5.09
1097,244,1,15-02-2006 5.09
1098,244,1,15-02-2006 5.09
1099,244,2,15-02-2006 5.09
1100,244,2,15-02-2006 5.09
1101,244,2,15-02-2006 5.09
1102,245,1,15-02-2006 5.09
1103,245,1,15-02-2006 5.09
1104,245,1,15-02-2006 5.09
1105,245,2,15-02-2006 5.09
1106,245,2,15-02-2006 5.09
1107,245,2,15-02-2006 5.09
1108,245,2,15-02-2006 5.09
1109,246,2,15-02-2006 5.09
1110,246,2,15-02-2006 5.09
1111,246,2,15-02-2006 5.09
1112,247,1,15-02-2006 5.09
1113,247,1,15-02-2006 5.09
1114,247,1,15-02-2006 5.09
1115,247,2,15-02-2006 5.09
1116,247,2,15-02-2006 5.09
1117,247,2,15-02-2006 5.09
1118,247,2,15-02-2006 5.09
1119,248,2,15-02-2006 5.09
1120,248,2,15-02-2006 5.09
1121,249,1,15-02-2006 5.09
1122,249,1,15-02-2006 5.09
1123,249,2,15-02-2006 5.09
1124,249,2,15-02-2006 5.09
1125,249,2,15-02-2006 5.09
1126,249,2,15-02-2006 5.09
1127,250,2,15-02-2006 5.09
1128,250,2,15-02-2006 5.09
1129,250,2,15-02-2006 5.09
1130,250,2,15-02-2006 5.09
1131,251,1,15-02-2006 5.09
1132,251,1,15-02-2006 5.09
1133,251,2,15-02-2006 5.09
1134,251,2,15-02-2006 5.09
1135,251,2,15-02-2006 5.09
1136,252,1,15-02-2006 5.09
1137,252,1,15-02-2006 5.09
1138,252,1,15-02-2006 5.09
1139,252,2,15-02-2006 5.09
1140,252,2,15-02-2006 5.09
1141,252,2,15-02-2006 5.09
1142,253,1,15-02-2006 5.09
1143,253,1,15-02-2006 5.09
1144,253,1,15-02-2006 5.09
1145,253,1,15-02-2006 5.09
1146,253,2,15-02-2006 5.09
1147,253,2,15-02-2006 5.09
1148,254,1,15-02-2006 5.09
1149,254,1,15-02-2006 5.09
1150,254,2,15-02-2006 5.09
1151,254,2,15-02-2006 5.09
1152,254,2,15-02-2006 5.09
1153,255,1,15-02-2006 5.09
1154,255,1,15-02-2006 5.09
1155,255,1,15-02-2006 5.09
1156,255,1,15-02-2006 5.09
1157,255,2,15-02-2006 5.09
1158,255,2,15-02-2006 5.09
1159,256,2,15-02-2006 5.09
1160,256,2,15-02-2006 5.09
1161,256,2,15-02-2006 5.09
1162,257,2,15-02-2006 5.09
1163,257,2,15-02-2006 5.09
1164,257,2,15-02-2006 5.09
1165,258,2,15-02-2006 5.09
1166,258,2,15-02-2006 5.09
1167,258,2,15-02-2006 5.09
1168,258,2,15-02-2006 5.09
1169,259,1,15-02-2006 5.09
1170,259,1,15-02-2006 5.09
1171,260,2,15-02-2006 5.09
1172,260,2,15-02-2006 5.09
1173,260,2,15-02-2006 5.09
1174,260,2,15-02-2006 5.09
1175,261,1,15-02-2006 5.09
1176,261,1,15-02-2006 5.09
1177,262,2,15-02-2006 5.09
1178,262,2,15-02-2006 5.09
1179,263,1,15-02-2006 5.09
1180,263,1,15-02-2006 5.09
1181,263,1,15-02-2006 5.09
1182,263,1,15-02-2006 5.09
1183,263,2,15-02-2006 5.09
1184,263,2,15-02-2006 5.09
1185,263,2,15-02-2006 5.09
1186,264,2,15-02-2006 5.09
1187,264,2,15-02-2006 5.09
1188,265,1,15-02-2006 5.09
1189,265,1,15-02-2006 5.09
1190,265,1,15-02-2006 5.09
1191,265,1,15-02-2006 5.09
1192,266,1,15-02-2006 5.09
1193,266,1,15-02-2006 5.09
1194,266,1,15-02-2006 5.09
1195,266,1,15-02-2006 5.09
1196,266,2,15-02-2006 5.09
1197,266,2,15-02-2006 5.09
1198,266,2,15-02-2006 5.09
1199,266,2,15-02-2006 5.09
1200,267,1,15-02-2006 5.09
1201,267,1,15-02-2006 5.09
1202,267,1,15-02-2006 5.09
1203,267,1,15-02-2006 5.09
1204,267,2,15-02-2006 5.09
1205,267,2,15-02-2006 5.09
1206,268,2,15-02-2006 5.09
1207,268,2,15-02-2006 5.09
1208,269,1,15-02-2006 5.09
1209,269,1,15-02-2006 5.09
1210,269,2,15-02-2006 5.09
1211,269,2,15-02-2006 5.09
1212,269,2,15-02-2006 5.09
1213,269,2,15-02-2006 5.09
1214,270,1,15-02-2006 5.09
1215,270,1,15-02-2006 5.09
1216,270,1,15-02-2006 5.09
1217,270,2,15-02-2006 5.09
1218,270,2,15-02-2006 5.09
1219,270,2,15-02-2006 5.09
1220,270,2,15-02-2006 5.09
1221,271,1,15-02-2006 5.09
1222,271,1,15-02-2006 5.09
1223,271,1,15-02-2006 5.09
1224,271,2,15-02-2006 5.09
1225,271,2,15-02-2006 5.09
1226,272,1,15-02-2006 5.09
1227,272,1,15-02-2006 5.09
1228,272,1,15-02-2006 5.09
1229,272,1,15-02-2006 5.09
1230,273,1,15-02-2006 5.09
1231,273,1,15-02-2006 5.09
1232,273,1,15-02-2006 5.09
1233,273,1,15-02-2006 5.09
1234,273,2,15-02-2006 5.09
1235,273,2,15-02-2006 5.09
1236,273,2,15-02-2006 5.09
1237,274,1,15-02-2006 5.09
1238,274,1,15-02-2006 5.09
1239,274,1,15-02-2006 5.09
1240,274,2,15-02-2006 5.09
1241,274,2,15-02-2006 5.09
1242,274,2,15-02-2006 5.09
1243,274,2,15-02-2006 5.09
1244,275,1,15-02-2006 5.09
1245,275,1,15-02-2006 5.09
1246,275,1,15-02-2006 5.09
1247,275,2,15-02-2006 5.09
1248,275,2,15-02-2006 5.09
1249,276,1,15-02-2006 5.09
1250,276,1,15-02-2006 5.09
1251,276,1,15-02-2006 5.09
1252,276,1,15-02-2006 5.09
1253,277,1,15-02-2006 5.09
1254,277,1,15-02-2006 5.09
1255,277,1,15-02-2006 5.09
1256,278,1,15-02-2006 5.09
1257,278,1,15-02-2006 5.09
1258,279,1,15-02-2006 5.09
1259,279,1,15-02-2006 5.09
1260,280,1,15-02-2006 5.09
1261,280,1,15-02-2006 5.09
1262,280,1,15-02-2006 5.09
1263,280,1,15-02-2006 5.09
1264,280,2,15-02-2006 5.09
1265,280,2,15-02-2006 5.09
1266,281,1,15-02-2006 5.09
1267,281,1,15-02-2006 5.09
1268,281,2,15-02-2006 5.09
1269,281,2,15-02-2006 5.09
1270,281,2,15-02-2006 5.09
1271,281,2,15-02-2006 5.09
1272,282,1,15-02-2006 5.09
1273,282,1,15-02-2006 5.09
1274,282,1,15-02-2006 5.09
1275,282,2,15-02-2006 5.09
1276,282,2,15-02-2006 5.09
1277,282,2,15-02-2006 5.09
1278,283,1,15-02-2006 5.09
1279,283,1,15-02-2006 5.09
1280,283,1,15-02-2006 5.09
1281,284,1,15-02-2006 5.09
1282,284,1,15-02-2006 5.09
1283,284,1,15-02-2006 5.09
1284,284,2,15-02-2006 5.09
1285,284,2,15-02-2006 5.09
1286,284,2,15-02-2006 5.09
1287,284,2,15-02-2006 5.09
1288,285,1,15-02-2006 5.09
1289,285,1,15-02-2006 5.09
1290,285,1,15-02-2006 5.09
1291,285,2,15-02-2006 5.09
1292,285,2,15-02-2006 5.09
1293,285,2,15-02-2006 5.09
1294,285,2,15-02-2006 5.09
1295,286,1,15-02-2006 5.09
1296,286,1,15-02-2006 5.09
1297,286,2,15-02-2006 5.09
1298,286,2,15-02-2006 5.09
1299,286,2,15-02-2006 5.09
1300,287,1,15-02-2006 5.09
1301,287,1,15-02-2006 5.09
1302,287,2,15-02-2006 5.09
1303,287,2,15-02-2006 5.09
1304,288,1,15-02-2006 5.09
1305,288,1,15-02-2006 5.09
1306,288,2,15-02-2006 5.09
1307,288,2,15-02-2006 5.09
1308,288,2,15-02-2006 5.09
1309,288,2,15-02-2006 5.09
1310,289,1,15-02-2006 5.09
1311,289,1,15-02-2006 5.09
1312,290,1,15-02-2006 5.09
1313,290,1,15-02-2006 5.09
1314,290,1,15-02-2006 5.09
1315,291,1,15-02-2006 5.09
1316,291,1,15-02-2006 5.09
1317,291,1,15-02-2006 5.09
1318,291,1,15-02-2006 5.09
1319,292,1,15-02-2006 5.09
1320,292,1,15-02-2006 5.09
1321,292,1,15-02-2006 5.09
1322,292,2,15-02-2006 5.09
1323,292,2,15-02-2006 5.09
1324,292,2,15-02-2006 5.09
1325,293,1,15-02-2006 5.09
1326,293,1,15-02-2006 5.09
1327,293,2,15-02-2006 5.09
1328,293,2,15-02-2006 5.09
1329,293,2,15-02-2006 5.09
1330,294,1,15-02-2006 5.09
1331,294,1,15-02-2006 5.09
1332,294,2,15-02-2006 5.09
1333,294,2,15-02-2006 5.09
1334,294,2,15-02-2006 5.09
1335,295,1,15-02-2006 5.09
1336,295,1,15-02-2006 5.09
1337,295,1,15-02-2006 5.09
1338,295,1,15-02-2006 5.09
1339,295,2,15-02-2006 5.09
1340,295,2,15-02-2006 5.09
1341,295,2,15-02-2006 5.09
1342,295,2,15-02-2006 5.09
1343,296,1,15-02-2006 5.09
1344,296,1,15-02-2006 5.09
1345,296,1,15-02-2006 5.09
1346,296,1,15-02-2006 5.09
1347,297,2,15-02-2006 5.09
1348,297,2,15-02-2006 5.09
1349,298,1,15-02-2006 5.09
1350,298,1,15-02-2006 5.09
1351,298,2,15-02-2006 5.09
1352,298,2,15-02-2006 5.09
1353,298,2,15-02-2006 5.09
1354,299,1,15-02-2006 5.09
1355,299,1,15-02-2006 5.09
1356,299,1,15-02-2006 5.09
1357,299,1,15-02-2006 5.09
1358,300,1,15-02-2006 5.09
1359,300,1,15-02-2006 5.09
1360,300,2,15-02-2006 5.09
1361,300,2,15-02-2006 5.09
1362,300,2,15-02-2006 5.09
1363,300,2,15-02-2006 5.09
1364,301,1,15-02-2006 5.09
1365,301,1,15-02-2006 5.09
1366,301,1,15-02-2006 5.09
1367,301,1,15-02-2006 5.09
1368,301,2,15-02-2006 5.09
1369,301,2,15-02-2006 5.09
1370,301,2,15-02-2006 5.09
1371,301,2,15-02-2006 5.09
1372,302,1,15-02-2006 5.09
1373,302,1,15-02-2006 5.09
1374,302,2,15-02-2006 5.09
1375,302,2,15-02-2006 5.09
1376,302,2,15-02-2006 5.09
1377,302,2,15-02-2006 5.09
1378,303,1,15-02-2006 5.09
1379,303,1,15-02-2006 5.09
1380,303,1,15-02-2006 5.09
1381,303,1,15-02-2006 5.09
1382,303,2,15-02-2006 5.09
1383,303,2,15-02-2006 5.09
1384,304,1,15-02-2006 5.09
1385,304,1,15-02-2006 5.09
1386,304,1,15-02-2006 5.09
1387,304,1,15-02-2006 5.09
1388,304,2,15-02-2006 5.09
1389,304,2,15-02-2006 5.09
1390,305,1,15-02-2006 5.09
1391,305,1,15-02-2006 5.09
1392,305,1,15-02-2006 5.09
1393,305,1,15-02-2006 5.09
1394,305,2,15-02-2006 5.09
1395,305,2,15-02-2006 5.09
1396,305,2,15-02-2006 5.09
1397,306,1,15-02-2006 5.09
1398,306,1,15-02-2006 5.09
1399,306,1,15-02-2006 5.09
1400,307,1,15-02-2006 5.09
1401,307,1,15-02-2006 5.09
1402,307,1,15-02-2006 5.09
1403,307,2,15-02-2006 5.09
1404,307,2,15-02-2006 5.09
1405,307,2,15-02-2006 5.09
1406,308,1,15-02-2006 5.09
1407,308,1,15-02-2006 5.09
1408,308,2,15-02-2006 5.09
1409,308,2,15-02-2006 5.09
1410,309,1,15-02-2006 5.09
1411,309,1,15-02-2006 5.09
1412,309,2,15-02-2006 5.09
1413,309,2,15-02-2006 5.09
1414,309,2,15-02-2006 5.09
1415,309,2,15-02-2006 5.09
1416,310,1,15-02-2006 5.09
1417,310,1,15-02-2006 5.09
1418,311,1,15-02-2006 5.09
1419,311,1,15-02-2006 5.09
1420,311,1,15-02-2006 5.09
1421,311,2,15-02-2006 5.09
1422,311,2,15-02-2006 5.09
1423,311,2,15-02-2006 5.09
1424,311,2,15-02-2006 5.09
1425,312,2,15-02-2006 5.09
1426,312,2,15-02-2006 5.09
1427,312,2,15-02-2006 5.09
1428,313,1,15-02-2006 5.09
1429,313,1,15-02-2006 5.09
1430,313,1,15-02-2006 5.09
1431,313,1,15-02-2006 5.09
1432,313,2,15-02-2006 5.09
1433,313,2,15-02-2006 5.09
1434,314,1,15-02-2006 5.09
1435,314,1,15-02-2006 5.09
1436,314,2,15-02-2006 5.09
1437,314,2,15-02-2006 5.09
1438,314,2,15-02-2006 5.09
1439,314,2,15-02-2006 5.09
1440,315,2,15-02-2006 5.09
1441,315,2,15-02-2006 5.09
1442,315,2,15-02-2006 5.09
1443,316,2,15-02-2006 5.09
1444,316,2,15-02-2006 5.09
1445,317,1,15-02-2006 5.09
1446,317,1,15-02-2006 5.09
1447,317,1,15-02-2006 5.09
1448,317,1,15-02-2006 5.09
1449,317,2,15-02-2006 5.09
1450,317,2,15-02-2006 5.09
1451,317,2,15-02-2006 5.09
1452,319,1,15-02-2006 5.09
1453,319,1,15-02-2006 5.09
1454,319,1,15-02-2006 5.09
1455,319,2,15-02-2006 5.09
1456,319,2,15-02-2006 5.09
1457,319,2,15-02-2006 5.09
1458,319,2,15-02-2006 5.09
1459,320,1,15-02-2006 5.09
1460,320,1,15-02-2006 5.09
1461,320,1,15-02-2006 5.09
1462,320,2,15-02-2006 5.09
1463,320,2,15-02-2006 5.09
1464,320,2,15-02-2006 5.09
1465,320,2,15-02-2006 5.09
1466,321,1,15-02-2006 5.09
1467,321,1,15-02-2006 5.09
1468,321,1,15-02-2006 5.09
1469,321,1,15-02-2006 5.09
1470,322,1,15-02-2006 5.09
1471,322,1,15-02-2006 5.09
1472,322,1,15-02-2006 5.09
1473,322,1,15-02-2006 5.09
1474,322,2,15-02-2006 5.09
1475,322,2,15-02-2006 5.09
1476,323,2,15-02-2006 5.09
1477,323,2,15-02-2006 5.09
1478,323,2,15-02-2006 5.09
1479,323,2,15-02-2006 5.09
1480,324,1,15-02-2006 5.09
1481,324,1,15-02-2006 5.09
1482,324,1,15-02-2006 5.09
1483,324,2,15-02-2006 5.09
1484,324,2,15-02-2006 5.09
1485,326,1,15-02-2006 5.09
1486,326,1,15-02-2006 5.09
1487,326,2,15-02-2006 5.09
1488,326,2,15-02-2006 5.09
1489,326,2,15-02-2006 5.09
1490,326,2,15-02-2006 5.09
1491,327,1,15-02-2006 5.09
1492,327,1,15-02-2006 5.09
1493,327,1,15-02-2006 5.09
1494,327,1,15-02-2006 5.09
1495,327,2,15-02-2006 5.09
1496,327,2,15-02-2006 5.09
1497,328,2,15-02-2006 5.09
1498,328,2,15-02-2006 5.09
1499,328,2,15-02-2006 5.09
1500,328,2,15-02-2006 5.09
1501,329,1,15-02-2006 5.09
1502,329,1,15-02-2006 5.09
1503,329,1,15-02-2006 5.09
1504,329,2,15-02-2006 5.09
1505,329,2,15-02-2006 5.09
1506,329,2,15-02-2006 5.09
1507,330,1,15-02-2006 5.09
1508,330,1,15-02-2006 5.09
1509,330,1,15-02-2006 5.09
1510,330,1,15-02-2006 5.09
1511,330,2,15-02-2006 5.09
1512,330,2,15-02-2006 5.09
1513,330,2,15-02-2006 5.09
1514,331,1,15-02-2006 5.09
1515,331,1,15-02-2006 5.09
1516,331,1,15-02-2006 5.09
1517,331,1,15-02-2006 5.09
1518,331,2,15-02-2006 5.09
1519,331,2,15-02-2006 5.09
1520,331,2,15-02-2006 5.09
1521,331,2,15-02-2006 5.09
1522,333,1,15-02-2006 5.09
1523,333,1,15-02-2006 5.09
1524,333,2,15-02-2006 5.09
1525,333,2,15-02-2006 5.09
1526,334,1,15-02-2006 5.09
1527,334,1,15-02-2006 5.09
1528,334,2,15-02-2006 5.09
1529,334,2,15-02-2006 5.09
1530,334,2,15-02-2006 5.09
1531,334,2,15-02-2006 5.09
1532,335,1,15-02-2006 5.09
1533,335,1,15-02-2006 5.09
1534,336,1,15-02-2006 5.09
1535,336,1,15-02-2006 5.09
1536,336,1,15-02-2006 5.09
1537,336,2,15-02-2006 5.09
1538,336,2,15-02-2006 5.09
1539,337,1,15-02-2006 5.09
1540,337,1,15-02-2006 5.09
1541,337,2,15-02-2006 5.09
1542,337,2,15-02-2006 5.09
1543,338,2,15-02-2006 5.09
1544,338,2,15-02-2006 5.09
1545,338,2,15-02-2006 5.09
1546,339,2,15-02-2006 5.09
1547,339,2,15-02-2006 5.09
1548,339,2,15-02-2006 5.09
1549,340,1,15-02-2006 5.09
1550,340,1,15-02-2006 5.09
1551,341,1,15-02-2006 5.09
1552,341,1,15-02-2006 5.09
1553,341,1,15-02-2006 5.09
1554,341,1,15-02-2006 5.09
1555,341,2,15-02-2006 5.09
1556,341,2,15-02-2006 5.09
1557,341,2,15-02-2006 5.09
1558,341,2,15-02-2006 5.09
1559,342,1,15-02-2006 5.09
1560,342,1,15-02-2006 5.09
1561,342,1,15-02-2006 5.09
1562,342,1,15-02-2006 5.09
1563,343,1,15-02-2006 5.09
1564,343,1,15-02-2006 5.09
1565,344,1,15-02-2006 5.09
1566,344,1,15-02-2006 5.09
1567,344,1,15-02-2006 5.09
1568,344,2,15-02-2006 5.09
1569,344,2,15-02-2006 5.09
1570,345,1,15-02-2006 5.09
1571,345,1,15-02-2006 5.09
1572,345,1,15-02-2006 5.09
1573,345,2,15-02-2006 5.09
1574,345,2,15-02-2006 5.09
1575,346,1,15-02-2006 5.09
1576,346,1,15-02-2006 5.09
1577,346,2,15-02-2006 5.09
1578,346,2,15-02-2006 5.09
1579,346,2,15-02-2006 5.09
1580,346,2,15-02-2006 5.09
1581,347,1,15-02-2006 5.09
1582,347,1,15-02-2006 5.09
1583,347,1,15-02-2006 5.09
1584,347,1,15-02-2006 5.09
1585,348,2,15-02-2006 5.09
1586,348,2,15-02-2006 5.09
1587,348,2,15-02-2006 5.09
1588,348,2,15-02-2006 5.09
1589,349,1,15-02-2006 5.09
1590,349,1,15-02-2006 5.09
1591,349,1,15-02-2006 5.09
1592,349,1,15-02-2006 5.09
1593,349,2,15-02-2006 5.09
1594,349,2,15-02-2006 5.09
1595,349,2,15-02-2006 5.09
1596,350,1,15-02-2006 5.09
1597,350,1,15-02-2006 5.09
1598,350,1,15-02-2006 5.09
1599,350,1,15-02-2006 5.09
1600,350,2,15-02-2006 5.09
1601,350,2,15-02-2006 5.09
1602,350,2,15-02-2006 5.09
1603,350,2,15-02-2006 5.09
1604,351,1,15-02-2006 5.09
1605,351,1,15-02-2006 5.09
1606,351,1,15-02-2006 5.09
1607,351,2,15-02-2006 5.09
1608,351,2,15-02-2006 5.09
1609,351,2,15-02-2006 5.09
1610,352,2,15-02-2006 5.09
1611,352,2,15-02-2006 5.09
1612,352,2,15-02-2006 5.09
1613,352,2,15-02-2006 5.09
1614,353,1,15-02-2006 5.09
1615,353,1,15-02-2006 5.09
1616,353,2,15-02-2006 5.09
1617,353,2,15-02-2006 5.09
1618,353,2,15-02-2006 5.09
1619,353,2,15-02-2006 5.09
1620,354,1,15-02-2006 5.09
1621,354,1,15-02-2006 5.09
1622,354,1,15-02-2006 5.09
1623,354,2,15-02-2006 5.09
1624,354,2,15-02-2006 5.09
1625,355,2,15-02-2006 5.09
1626,355,2,15-02-2006 5.09
1627,356,1,15-02-2006 5.09
1628,356,1,15-02-2006 5.09
1629,356,1,15-02-2006 5.09
1630,356,1,15-02-2006 5.09
1631,356,2,15-02-2006 5.09
1632,356,2,15-02-2006 5.09
1633,356,2,15-02-2006 5.09
1634,356,2,15-02-2006 5.09
1635,357,2,15-02-2006 5.09
1636,357,2,15-02-2006 5.09
1637,357,2,15-02-2006 5.09
1638,357,2,15-02-2006 5.09
1639,358,1,15-02-2006 5.09
1640,358,1,15-02-2006 5.09
1641,358,1,15-02-2006 5.09
1642,358,1,15-02-2006 5.09
1643,358,2,15-02-2006 5.09
1644,358,2,15-02-2006 5.09
1645,358,2,15-02-2006 5.09
1646,358,2,15-02-2006 5.09
1647,360,1,15-02-2006 5.09
1648,360,1,15-02-2006 5.09
1649,360,1,15-02-2006 5.09
1650,360,1,15-02-2006 5.09
1651,361,1,15-02-2006 5.09
1652,361,1,15-02-2006 5.09
1653,361,1,15-02-2006 5.09
1654,361,1,15-02-2006 5.09
1655,361,2,15-02-2006 5.09
1656,361,2,15-02-2006 5.09
1657,361,2,15-02-2006 5.09
1658,361,2,15-02-2006 5.09
1659,362,1,15-02-2006 5.09
1660,362,1,15-02-2006 5.09
1661,363,1,15-02-2006 5.09
1662,363,1,15-02-2006 5.09
1663,363,1,15-02-2006 5.09
1664,363,2,15-02-2006 5.09
1665,363,2,15-02-2006 5.09
1666,363,2,15-02-2006 5.09
1667,364,1,15-02-2006 5.09
1668,364,1,15-02-2006 5.09
1669,364,1,15-02-2006 5.09
1670,365,1,15-02-2006 5.09
1671,365,1,15-02-2006 5.09
1672,365,2,15-02-2006 5.09
1673,365,2,15-02-2006 5.09
1674,366,1,15-02-2006 5.09
1675,366,1,15-02-2006 5.09
1676,366,1,15-02-2006 5.09
1677,366,1,15-02-2006 5.09
1678,366,2,15-02-2006 5.09
1679,366,2,15-02-2006 5.09
1680,366,2,15-02-2006 5.09
1681,367,1,15-02-2006 5.09
1682,367,1,15-02-2006 5.09
1683,367,1,15-02-2006 5.09
1684,367,1,15-02-2006 5.09
1685,367,2,15-02-2006 5.09
1686,367,2,15-02-2006 5.09
1687,367,2,15-02-2006 5.09
1688,368,1,15-02-2006 5.09
1689,368,1,15-02-2006 5.09
1690,369,1,15-02-2006 5.09
1691,369,1,15-02-2006 5.09
1692,369,1,15-02-2006 5.09
1693,369,1,15-02-2006 5.09
1694,369,2,15-02-2006 5.09
1695,369,2,15-02-2006 5.09
1696,369,2,15-02-2006 5.09
1697,369,2,15-02-2006 5.09
1698,370,1,15-02-2006 5.09
1699,370,1,15-02-2006 5.09
1700,370,1,15-02-2006 5.09
1701,370,2,15-02-2006 5.09
1702,370,2,15-02-2006 5.09
1703,371,1,15-02-2006 5.09
1704,371,1,15-02-2006 5.09
1705,371,1,15-02-2006 5.09
1706,372,1,15-02-2006 5.09
1707,372,1,15-02-2006 5.09
1708,373,1,15-02-2006 5.09
1709,373,1,15-02-2006 5.09
1710,373,1,15-02-2006 5.09
1711,373,2,15-02-2006 5.09
1712,373,2,15-02-2006 5.09
1713,374,1,15-02-2006 5.09
1714,374,1,15-02-2006 5.09
1715,374,1,15-02-2006 5.09
1716,374,2,15-02-2006 5.09
1717,374,2,15-02-2006 5.09
1718,374,2,15-02-2006 5.09
1719,374,2,15-02-2006 5.09
1720,375,1,15-02-2006 5.09
1721,375,1,15-02-2006 5.09
1722,376,1,15-02-2006 5.09
1723,376,1,15-02-2006 5.09
1724,376,1,15-02-2006 5.09
1725,376,1,15-02-2006 5.09
1726,376,2,15-02-2006 5.09
1727,376,2,15-02-2006 5.09
1728,376,2,15-02-2006 5.09
1729,377,1,15-02-2006 5.09
1730,377,1,15-02-2006 5.09
1731,377,1,15-02-2006 5.09
1732,377,2,15-02-2006 5.09
1733,377,2,15-02-2006 5.09
1734,377,2,15-02-2006 5.09
1735,378,1,15-02-2006 5.09
1736,378,1,15-02-2006 5.09
1737,378,1,15-02-2006 5.09
1738,378,1,15-02-2006 5.09
1739,378,2,15-02-2006 5.09
1740,378,2,15-02-2006 5.09
1741,378,2,15-02-2006 5.09
1742,378,2,15-02-2006 5.09
1743,379,2,15-02-2006 5.09
1744,379,2,15-02-2006 5.09
1745,379,2,15-02-2006 5.09
1746,379,2,15-02-2006 5.09
1747,380,1,15-02-2006 5.09
1748,380,1,15-02-2006 5.09
1749,380,2,15-02-2006 5.09
1750,380,2,15-02-2006 5.09
1751,380,2,15-02-2006 5.09
1752,381,1,15-02-2006 5.09
1753,381,1,15-02-2006 5.09
1754,381,2,15-02-2006 5.09
1755,381,2,15-02-2006 5.09
1756,381,2,15-02-2006 5.09
1757,382,1,15-02-2006 5.09
1758,382,1,15-02-2006 5.09
1759,382,1,15-02-2006 5.09
1760,382,1,15-02-2006 5.09
1761,382,2,15-02-2006 5.09
1762,382,2,15-02-2006 5.09
1763,382,2,15-02-2006 5.09
1764,382,2,15-02-2006 5.09
1765,383,1,15-02-2006 5.09
1766,383,1,15-02-2006 5.09
1767,383,1,15-02-2006 5.09
1768,383,2,15-02-2006 5.09
1769,383,2,15-02-2006 5.09
1770,384,2,15-02-2006 5.09
1771,384,2,15-02-2006 5.09
1772,384,2,15-02-2006 5.09
1773,385,1,15-02-2006 5.09
1774,385,1,15-02-2006 5.09
1775,385,2,15-02-2006 5.09
1776,385,2,15-02-2006 5.09
1777,385,2,15-02-2006 5.09
1778,387,1,15-02-2006 5.09
1779,387,1,15-02-2006 5.09
1780,387,1,15-02-2006 5.09
1781,387,2,15-02-2006 5.09
1782,387,2,15-02-2006 5.09
1783,387,2,15-02-2006 5.09
1784,388,1,15-02-2006 5.09
1785,388,1,15-02-2006 5.09
1786,388,1,15-02-2006 5.09
1787,388,2,15-02-2006 5.09
1788,388,2,15-02-2006 5.09
1789,388,2,15-02-2006 5.09
1790,389,1,15-02-2006 5.09
1791,389,1,15-02-2006 5.09
1792,389,2,15-02-2006 5.09
1793,389,2,15-02-2006 5.09
1794,390,1,15-02-2006 5.09
1795,390,1,15-02-2006 5.09
1796,390,1,15-02-2006 5.09
1797,391,1,15-02-2006 5.09
1798,391,1,15-02-2006 5.09
1799,391,1,15-02-2006 5.09
1800,391,1,15-02-2006 5.09
1801,391,2,15-02-2006 5.09
1802,391,2,15-02-2006 5.09
1803,391,2,15-02-2006 5.09
1804,392,1,15-02-2006 5.09
1805,392,1,15-02-2006 5.09
1806,392,1,15-02-2006 5.09
1807,392,1,15-02-2006 5.09
1808,392,2,15-02-2006 5.09
1809,392,2,15-02-2006 5.09
1810,393,1,15-02-2006 5.09
1811,393,1,15-02-2006 5.09
1812,394,1,15-02-2006 5.09
1813,394,1,15-02-2006 5.09
1814,394,1,15-02-2006 5.09
1815,394,1,15-02-2006 5.09
1816,395,1,15-02-2006 5.09
1817,395,1,15-02-2006 5.09
1818,395,1,15-02-2006 5.09
1819,395,2,15-02-2006 5.09
1820,395,2,15-02-2006 5.09
1821,395,2,15-02-2006 5.09
1822,396,2,15-02-2006 5.09
1823,396,2,15-02-2006 5.09
1824,396,2,15-02-2006 5.09
1825,396,2,15-02-2006 5.09
1826,397,1,15-02-2006 5.09
1827,397,1,15-02-2006 5.09
1828,397,1,15-02-2006 5.09
1829,397,2,15-02-2006 5.09
1830,397,2,15-02-2006 5.09
1831,397,2,15-02-2006 5.09
1832,397,2,15-02-2006 5.09
1833,398,2,15-02-2006 5.09
1834,398,2,15-02-2006 5.09
1835,398,2,15-02-2006 5.09
1836,398,2,15-02-2006 5.09
1837,399,2,15-02-2006 5.09
1838,399,2,15-02-2006 5.09
1839,400,1,15-02-2006 5.09
1840,400,1,15-02-2006 5.09
1841,401,1,15-02-2006 5.09
1842,401,1,15-02-2006 5.09
1843,402,1,15-02-2006 5.09
1844,402,1,15-02-2006 5.09
1845,402,1,15-02-2006 5.09
1846,402,2,15-02-2006 5.09
1847,402,2,15-02-2006 5.09
1848,402,2,15-02-2006 5.09
1849,403,1,15-02-2006 5.09
1850,403,1,15-02-2006 5.09
1851,403,1,15-02-2006 5.09
1852,403,1,15-02-2006 5.09
1853,403,2,15-02-2006 5.09
1854,403,2,15-02-2006 5.09
1855,403,2,15-02-2006 5.09
1856,403,2,15-02-2006 5.09
1857,405,2,15-02-2006 5.09
1858,405,2,15-02-2006 5.09
1859,406,1,15-02-2006 5.09
1860,406,1,15-02-2006 5.09
1861,406,2,15-02-2006 5.09
1862,406,2,15-02-2006 5.09
1863,406,2,15-02-2006 5.09
1864,406,2,15-02-2006 5.09
1865,407,1,15-02-2006 5.09
1866,407,1,15-02-2006 5.09
1867,408,1,15-02-2006 5.09
1868,408,1,15-02-2006 5.09
1869,408,1,15-02-2006 5.09
1870,408,1,15-02-2006 5.09
1871,408,2,15-02-2006 5.09
1872,408,2,15-02-2006 5.09
1873,408,2,15-02-2006 5.09
1874,409,1,15-02-2006 5.09
1875,409,1,15-02-2006 5.09
1876,409,1,15-02-2006 5.09
1877,409,1,15-02-2006 5.09
1878,409,2,15-02-2006 5.09
1879,409,2,15-02-2006 5.09
1880,409,2,15-02-2006 5.09
1881,410,1,15-02-2006 5.09
1882,410,1,15-02-2006 5.09
1883,410,1,15-02-2006 5.09
1884,410,2,15-02-2006 5.09
1885,410,2,15-02-2006 5.09
1886,411,1,15-02-2006 5.09
1887,411,1,15-02-2006 5.09
1888,412,1,15-02-2006 5.09
1889,412,1,15-02-2006 5.09
1890,412,1,15-02-2006 5.09
1891,412,1,15-02-2006 5.09
1892,412,2,15-02-2006 5.09
1893,412,2,15-02-2006 5.09
1894,412,2,15-02-2006 5.09
1895,412,2,15-02-2006 5.09
1896,413,1,15-02-2006 5.09
1897,413,1,15-02-2006 5.09
1898,413,1,15-02-2006 5.09
1899,414,1,15-02-2006 5.09
1900,414,1,15-02-2006 5.09
1901,414,1,15-02-2006 5.09
1902,414,2,15-02-2006 5.09
1903,414,2,15-02-2006 5.09
1904,414,2,15-02-2006 5.09
1905,415,1,15-02-2006 5.09
1906,415,1,15-02-2006 5.09
1907,415,1,15-02-2006 5.09
1908,415,2,15-02-2006 5.09
1909,415,2,15-02-2006 5.09
1910,415,2,15-02-2006 5.09
1911,416,1,15-02-2006 5.09
1912,416,1,15-02-2006 5.09
1913,416,2,15-02-2006 5.09
1914,416,2,15-02-2006 5.09
1915,416,2,15-02-2006 5.09
1916,416,2,15-02-2006 5.09
1917,417,1,15-02-2006 5.09
1918,417,1,15-02-2006 5.09
1919,417,1,15-02-2006 5.09
1920,417,1,15-02-2006 5.09
1921,417,2,15-02-2006 5.09
1922,417,2,15-02-2006 5.09
1923,418,1,15-02-2006 5.09
1924,418,1,15-02-2006 5.09
1925,418,1,15-02-2006 5.09
1926,418,1,15-02-2006 5.09
1927,418,2,15-02-2006 5.09
1928,418,2,15-02-2006 5.09
1929,418,2,15-02-2006 5.09
1930,418,2,15-02-2006 5.09
1931,420,1,15-02-2006 5.09
1932,420,1,15-02-2006 5.09
1933,420,2,15-02-2006 5.09
1934,420,2,15-02-2006 5.09
1935,420,2,15-02-2006 5.09
1936,421,2,15-02-2006 5.09
1937,421,2,15-02-2006 5.09
1938,421,2,15-02-2006 5.09
1939,421,2,15-02-2006 5.09
1940,422,2,15-02-2006 5.09
1941,422,2,15-02-2006 5.09
1942,423,1,15-02-2006 5.09
1943,423,1,15-02-2006 5.09
1944,423,2,15-02-2006 5.09
1945,423,2,15-02-2006 5.09
1946,424,1,15-02-2006 5.09
1947,424,1,15-02-2006 5.09
1948,424,1,15-02-2006 5.09
1949,424,2,15-02-2006 5.09
1950,424,2,15-02-2006 5.09
1951,425,2,15-02-2006 5.09
1952,425,2,15-02-2006 5.09
1953,426,2,15-02-2006 5.09
1954,426,2,15-02-2006 5.09
1955,426,2,15-02-2006 5.09
1956,427,1,15-02-2006 5.09
1957,427,1,15-02-2006 5.09
1958,427,1,15-02-2006 5.09
1959,427,1,15-02-2006 5.09
1960,428,1,15-02-2006 5.09
1961,428,1,15-02-2006 5.09
1962,428,1,15-02-2006 5.09
1963,428,1,15-02-2006 5.09
1964,428,2,15-02-2006 5.09
1965,428,2,15-02-2006 5.09
1966,429,1,15-02-2006 5.09
1967,429,1,15-02-2006 5.09
1968,429,2,15-02-2006 5.09
1969,429,2,15-02-2006 5.09
1970,429,2,15-02-2006 5.09
1971,429,2,15-02-2006 5.09
1972,430,2,15-02-2006 5.09
1973,430,2,15-02-2006 5.09
1974,430,2,15-02-2006 5.09
1975,430,2,15-02-2006 5.09
1976,431,2,15-02-2006 5.09
1977,431,2,15-02-2006 5.09
1978,431,2,15-02-2006 5.09
1979,432,1,15-02-2006 5.09
1980,432,1,15-02-2006 5.09
1981,432,1,15-02-2006 5.09
1982,432,2,15-02-2006 5.09
1983,432,2,15-02-2006 5.09
1984,433,1,15-02-2006 5.09
1985,433,1,15-02-2006 5.09
1986,433,1,15-02-2006 5.09
1987,433,1,15-02-2006 5.09
1988,433,2,15-02-2006 5.09
1989,433,2,15-02-2006 5.09
1990,434,1,15-02-2006 5.09
1991,434,1,15-02-2006 5.09
1992,434,1,15-02-2006 5.09
1993,434,1,15-02-2006 5.09
1994,434,2,15-02-2006 5.09
1995,434,2,15-02-2006 5.09
1996,434,2,15-02-2006 5.09
1997,434,2,15-02-2006 5.09
1998,435,1,15-02-2006 5.09
1999,435,1,15-02-2006 5.09
2000,436,1,15-02-2006 5.09
2001,436,1,15-02-2006 5.09
2002,436,1,15-02-2006 5.09
2003,436,2,15-02-2006 5.09
2004,436,2,15-02-2006 5.09
2005,436,2,15-02-2006 5.09
2006,437,1,15-02-2006 5.09
2007,437,1,15-02-2006 5.09
2008,437,2,15-02-2006 5.09
2009,437,2,15-02-2006 5.09
2010,437,2,15-02-2006 5.09
2011,437,2,15-02-2006 5.09
2012,438,1,15-02-2006 5.09
2013,438,1,15-02-2006 5.09
2014,438,2,15-02-2006 5.09
2015,438,2,15-02-2006 5.09
2016,438,2,15-02-2006 5.09
2017,439,1,15-02-2006 5.09
2018,439,1,15-02-2006 5.09
2019,439,1,15-02-2006 5.09
2020,439,1,15-02-2006 5.09
2021,439,2,15-02-2006 5.09
2022,439,2,15-02-2006 5.09
2023,440,1,15-02-2006 5.09
2024,440,1,15-02-2006 5.09
2025,440,2,15-02-2006 5.09
2026,440,2,15-02-2006 5.09
2027,441,1,15-02-2006 5.09
2028,441,1,15-02-2006 5.09
2029,442,1,15-02-2006 5.09
2030,442,1,15-02-2006 5.09
2031,442,1,15-02-2006 5.09
2032,443,1,15-02-2006 5.09
2033,443,1,15-02-2006 5.09
2034,443,1,15-02-2006 5.09
2035,443,2,15-02-2006 5.09
2036,443,2,15-02-2006 5.09
2037,443,2,15-02-2006 5.09
2038,443,2,15-02-2006 5.09
2039,444,1,15-02-2006 5.09
2040,444,1,15-02-2006 5.09
2041,444,1,15-02-2006 5.09
2042,444,1,15-02-2006 5.09
2043,444,2,15-02-2006 5.09
2044,444,2,15-02-2006 5.09
2045,444,2,15-02-2006 5.09
2046,444,2,15-02-2006 5.09
2047,445,1,15-02-2006 5.09
2048,445,1,15-02-2006 5.09
2049,445,1,15-02-2006 5.09
2050,445,2,15-02-2006 5.09
2051,445,2,15-02-2006 5.09
2052,445,2,15-02-2006 5.09
2053,446,1,15-02-2006 5.09
2054,446,1,15-02-2006 5.09
2055,446,2,15-02-2006 5.09
2056,446,2,15-02-2006 5.09
2057,447,1,15-02-2006 5.09
2058,447,1,15-02-2006 5.09
2059,447,1,15-02-2006 5.09
2060,447,1,15-02-2006 5.09
2061,447,2,15-02-2006 5.09
2062,447,2,15-02-2006 5.09
2063,447,2,15-02-2006 5.09
2064,448,1,15-02-2006 5.09
2065,448,1,15-02-2006 5.09
2066,448,2,15-02-2006 5.09
2067,448,2,15-02-2006 5.09
2068,448,2,15-02-2006 5.09
2069,449,2,15-02-2006 5.09
2070,449,2,15-02-2006 5.09
2071,449,2,15-02-2006 5.09
2072,449,2,15-02-2006 5.09
2073,450,1,15-02-2006 5.09
2074,450,1,15-02-2006 5.09
2075,450,1,15-02-2006 5.09
2076,450,2,15-02-2006 5.09
2077,450,2,15-02-2006 5.09
2078,450,2,15-02-2006 5.09
2079,450,2,15-02-2006 5.09
2080,451,1,15-02-2006 5.09
2081,451,1,15-02-2006 5.09
2082,451,2,15-02-2006 5.09
2083,451,2,15-02-2006 5.09
2084,451,2,15-02-2006 5.09
2085,452,2,15-02-2006 5.09
2086,452,2,15-02-2006 5.09
2087,452,2,15-02-2006 5.09
2088,452,2,15-02-2006 5.09
2089,453,1,15-02-2006 5.09
2090,453,1,15-02-2006 5.09
2091,453,1,15-02-2006 5.09
2092,453,2,15-02-2006 5.09
2093,453,2,15-02-2006 5.09
2094,454,1,15-02-2006 5.09
2095,454,1,15-02-2006 5.09
2096,455,1,15-02-2006 5.09
2097,455,1,15-02-2006 5.09
2098,455,1,15-02-2006 5.09
2099,455,1,15-02-2006 5.09
2100,456,1,15-02-2006 5.09
2101,456,1,15-02-2006 5.09
2102,456,2,15-02-2006 5.09
2103,456,2,15-02-2006 5.09
2104,456,2,15-02-2006 5.09
2105,456,2,15-02-2006 5.09
2106,457,1,15-02-2006 5.09
2107,457,1,15-02-2006 5.09
2108,457,2,15-02-2006 5.09
2109,457,2,15-02-2006 5.09
2110,457,2,15-02-2006 5.09
2111,457,2,15-02-2006 5.09
2112,458,1,15-02-2006 5.09
2113,458,1,15-02-2006 5.09
2114,458,2,15-02-2006 5.09
2115,458,2,15-02-2006 5.09
2116,458,2,15-02-2006 5.09
2117,458,2,15-02-2006 5.09
2118,459,2,15-02-2006 5.09
2119,459,2,15-02-2006 5.09
2120,460,1,15-02-2006 5.09
2121,460,1,15-02-2006 5.09
2122,460,1,15-02-2006 5.09
2123,460,1,15-02-2006 5.09
2124,460,2,15-02-2006 5.09
2125,460,2,15-02-2006 5.09
2126,460,2,15-02-2006 5.09
2127,460,2,15-02-2006 5.09
2128,461,1,15-02-2006 5.09
2129,461,1,15-02-2006 5.09
2130,461,2,15-02-2006 5.09
2131,461,2,15-02-2006 5.09
2132,461,2,15-02-2006 5.09
2133,461,2,15-02-2006 5.09
2134,462,1,15-02-2006 5.09
2135,462,1,15-02-2006 5.09
2136,462,2,15-02-2006 5.09
2137,462,2,15-02-2006 5.09
2138,462,2,15-02-2006 5.09
2139,463,1,15-02-2006 5.09
2140,463,1,15-02-2006 5.09
2141,463,1,15-02-2006 5.09
2142,463,2,15-02-2006 5.09
2143,463,2,15-02-2006 5.09
2144,464,1,15-02-2006 5.09
2145,464,1,15-02-2006 5.09
2146,464,1,15-02-2006 5.09
2147,464,1,15-02-2006 5.09
2148,464,2,15-02-2006 5.09
2149,464,2,15-02-2006 5.09
2150,464,2,15-02-2006 5.09
2151,465,1,15-02-2006 5.09
2152,465,1,15-02-2006 5.09
2153,465,2,15-02-2006 5.09
2154,465,2,15-02-2006 5.09
2155,465,2,15-02-2006 5.09
2156,466,1,15-02-2006 5.09
2157,466,1,15-02-2006 5.09
2158,467,1,15-02-2006 5.09
2159,467,1,15-02-2006 5.09
2160,467,1,15-02-2006 5.09
2161,467,1,15-02-2006 5.09
2162,467,2,15-02-2006 5.09
2163,467,2,15-02-2006 5.09
2164,467,2,15-02-2006 5.09
2165,468,1,15-02-2006 5.09
2166,468,1,15-02-2006 5.09
2167,468,1,15-02-2006 5.09
2168,468,1,15-02-2006 5.09
2169,468,2,15-02-2006 5.09
2170,468,2,15-02-2006 5.09
2171,468,2,15-02-2006 5.09
2172,468,2,15-02-2006 5.09
2173,469,2,15-02-2006 5.09
2174,469,2,15-02-2006 5.09
2175,469,2,15-02-2006 5.09
2176,470,1,15-02-2006 5.09
2177,470,1,15-02-2006 5.09
2178,471,1,15-02-2006 5.09
2179,471,1,15-02-2006 5.09
2180,471,1,15-02-2006 5.09
2181,471,2,15-02-2006 5.09
2182,471,2,15-02-2006 5.09
2183,471,2,15-02-2006 5.09
2184,471,2,15-02-2006 5.09
2185,472,2,15-02-2006 5.09
2186,472,2,15-02-2006 5.09
2187,473,1,15-02-2006 5.09
2188,473,1,15-02-2006 5.09
2189,473,2,15-02-2006 5.09
2190,473,2,15-02-2006 5.09
2191,473,2,15-02-2006 5.09
2192,474,2,15-02-2006 5.09
2193,474,2,15-02-2006 5.09
2194,474,2,15-02-2006 5.09
2195,474,2,15-02-2006 5.09
2196,475,2,15-02-2006 5.09
2197,475,2,15-02-2006 5.09
2198,476,1,15-02-2006 5.09
2199,476,1,15-02-2006 5.09
2200,476,1,15-02-2006 5.09
2201,476,2,15-02-2006 5.09
2202,476,2,15-02-2006 5.09
2203,476,2,15-02-2006 5.09
2204,476,2,15-02-2006 5.09
2205,477,2,15-02-2006 5.09
2206,477,2,15-02-2006 5.09
2207,477,2,15-02-2006 5.09
2208,478,1,15-02-2006 5.09
2209,478,1,15-02-2006 5.09
2210,478,2,15-02-2006 5.09
2211,478,2,15-02-2006 5.09
2212,478,2,15-02-2006 5.09
2213,479,1,15-02-2006 5.09
2214,479,1,15-02-2006 5.09
2215,479,2,15-02-2006 5.09
2216,479,2,15-02-2006 5.09
2217,479,2,15-02-2006 5.09
2218,480,1,15-02-2006 5.09
2219,480,1,15-02-2006 5.09
2220,480,2,15-02-2006 5.09
2221,480,2,15-02-2006 5.09
2222,481,1,15-02-2006 5.09
2223,481,1,15-02-2006 5.09
2224,481,1,15-02-2006 5.09
2225,481,2,15-02-2006 5.09
2226,481,2,15-02-2006 5.09
2227,481,2,15-02-2006 5.09
2228,482,1,15-02-2006 5.09
2229,482,1,15-02-2006 5.09
2230,482,1,15-02-2006 5.09
2231,483,1,15-02-2006 5.09
2232,483,1,15-02-2006 5.09
2233,483,1,15-02-2006 5.09
2234,483,2,15-02-2006 5.09
2235,483,2,15-02-2006 5.09
2236,484,1,15-02-2006 5.09
2237,484,1,15-02-2006 5.09
2238,484,1,15-02-2006 5.09
2239,484,1,15-02-2006 5.09
2240,484,2,15-02-2006 5.09
2241,484,2,15-02-2006 5.09
2242,484,2,15-02-2006 5.09
2243,485,2,15-02-2006 5.09
2244,485,2,15-02-2006 5.09
2245,485,2,15-02-2006 5.09
2246,486,1,15-02-2006 5.09
2247,486,1,15-02-2006 5.09
2248,486,1,15-02-2006 5.09
2249,486,1,15-02-2006 5.09
2250,486,2,15-02-2006 5.09
2251,486,2,15-02-2006 5.09
2252,487,2,15-02-2006 5.09
2253,487,2,15-02-2006 5.09
2254,487,2,15-02-2006 5.09
2255,488,1,15-02-2006 5.09
2256,488,1,15-02-2006 5.09
2257,488,2,15-02-2006 5.09
2258,488,2,15-02-2006 5.09
2259,488,2,15-02-2006 5.09
2260,489,1,15-02-2006 5.09
2261,489,1,15-02-2006 5.09
2262,489,1,15-02-2006 5.09
2263,489,1,15-02-2006 5.09
2264,489,2,15-02-2006 5.09
2265,489,2,15-02-2006 5.09
2266,489,2,15-02-2006 5.09
2267,489,2,15-02-2006 5.09
2268,490,1,15-02-2006 5.09
2269,490,1,15-02-2006 5.09
2270,491,1,15-02-2006 5.09
2271,491,1,15-02-2006 5.09
2272,491,2,15-02-2006 5.09
2273,491,2,15-02-2006 5.09
2274,491,2,15-02-2006 5.09
2275,491,2,15-02-2006 5.09
2276,492,1,15-02-2006 5.09
2277,492,1,15-02-2006 5.09
2278,493,2,15-02-2006 5.09
2279,493,2,15-02-2006 5.09
2280,493,2,15-02-2006 5.09
2281,494,1,15-02-2006 5.09
2282,494,1,15-02-2006 5.09
2283,494,1,15-02-2006 5.09
2284,494,1,15-02-2006 5.09
2285,494,2,15-02-2006 5.09
2286,494,2,15-02-2006 5.09
2287,496,1,15-02-2006 5.09
2288,496,1,15-02-2006 5.09
2289,496,2,15-02-2006 5.09
2290,496,2,15-02-2006 5.09
2291,496,2,15-02-2006 5.09
2292,498,1,15-02-2006 5.09
2293,498,1,15-02-2006 5.09
2294,499,1,15-02-2006 5.09
2295,499,1,15-02-2006 5.09
2296,500,1,15-02-2006 5.09
2297,500,1,15-02-2006 5.09
2298,500,1,15-02-2006 5.09
2299,500,1,15-02-2006 5.09
2300,500,2,15-02-2006 5.09
2301,500,2,15-02-2006 5.09
2302,500,2,15-02-2006 5.09
2303,500,2,15-02-2006 5.09
2304,501,1,15-02-2006 5.09
2305,501,1,15-02-2006 5.09
2306,501,1,15-02-2006 5.09
2307,501,2,15-02-2006 5.09
2308,501,2,15-02-2006 5.09
2309,502,1,15-02-2006 5.09
2310,502,1,15-02-2006 5.09
2311,502,1,15-02-2006 5.09
2312,502,1,15-02-2006 5.09
2313,502,2,15-02-2006 5.09
2314,502,2,15-02-2006 5.09
2315,502,2,15-02-2006 5.09
2316,503,1,15-02-2006 5.09
2317,503,1,15-02-2006 5.09
2318,503,1,15-02-2006 5.09
2319,504,1,15-02-2006 5.09
2320,504,1,15-02-2006 5.09
2321,504,1,15-02-2006 5.09
2322,504,1,15-02-2006 5.09
2323,504,2,15-02-2006 5.09
2324,504,2,15-02-2006 5.09
2325,505,2,15-02-2006 5.09
2326,505,2,15-02-2006 5.09
2327,505,2,15-02-2006 5.09
2328,505,2,15-02-2006 5.09
2329,506,1,15-02-2006 5.09
2330,506,1,15-02-2006 5.09
2331,506,1,15-02-2006 5.09
2332,506,1,15-02-2006 5.09
2333,506,2,15-02-2006 5.09
2334,506,2,15-02-2006 5.09
2335,507,2,15-02-2006 5.09
2336,507,2,15-02-2006 5.09
2337,508,2,15-02-2006 5.09
2338,508,2,15-02-2006 5.09
2339,508,2,15-02-2006 5.09
2340,509,2,15-02-2006 5.09
2341,509,2,15-02-2006 5.09
2342,509,2,15-02-2006 5.09
2343,510,1,15-02-2006 5.09
2344,510,1,15-02-2006 5.09
2345,510,1,15-02-2006 5.09
2346,510,1,15-02-2006 5.09
2347,511,1,15-02-2006 5.09
2348,511,1,15-02-2006 5.09
2349,511,2,15-02-2006 5.09
2350,511,2,15-02-2006 5.09
2351,511,2,15-02-2006 5.09
2352,512,1,15-02-2006 5.09
2353,512,1,15-02-2006 5.09
2354,512,2,15-02-2006 5.09
2355,512,2,15-02-2006 5.09
2356,512,2,15-02-2006 5.09
2357,512,2,15-02-2006 5.09
2358,513,2,15-02-2006 5.09
2359,513,2,15-02-2006 5.09
2360,514,1,15-02-2006 5.09
2361,514,1,15-02-2006 5.09
2362,514,2,15-02-2006 5.09
2363,514,2,15-02-2006 5.09
2364,514,2,15-02-2006 5.09
2365,514,2,15-02-2006 5.09
2366,515,2,15-02-2006 5.09
2367,515,2,15-02-2006 5.09
2368,516,2,15-02-2006 5.09
2369,516,2,15-02-2006 5.09
2370,516,2,15-02-2006 5.09
2371,517,2,15-02-2006 5.09
2372,517,2,15-02-2006 5.09
2373,518,1,15-02-2006 5.09
2374,518,1,15-02-2006 5.09
2375,518,2,15-02-2006 5.09
2376,518,2,15-02-2006 5.09
2377,518,2,15-02-2006 5.09
2378,518,2,15-02-2006 5.09
2379,519,2,15-02-2006 5.09
2380,519,2,15-02-2006 5.09
2381,519,2,15-02-2006 5.09
2382,519,2,15-02-2006 5.09
2383,520,1,15-02-2006 5.09
2384,520,1,15-02-2006 5.09
2385,521,1,15-02-2006 5.09
2386,521,1,15-02-2006 5.09
2387,521,1,15-02-2006 5.09
2388,521,1,15-02-2006 5.09
2389,521,2,15-02-2006 5.09
2390,521,2,15-02-2006 5.09
2391,521,2,15-02-2006 5.09
2392,522,2,15-02-2006 5.09
2393,522,2,15-02-2006 5.09
2394,523,1,15-02-2006 5.09
2395,523,1,15-02-2006 5.09
2396,524,1,15-02-2006 5.09
2397,524,1,15-02-2006 5.09
2398,524,2,15-02-2006 5.09
2399,524,2,15-02-2006 5.09
2400,524,2,15-02-2006 5.09
2401,524,2,15-02-2006 5.09
2402,525,1,15-02-2006 5.09
2403,525,1,15-02-2006 5.09
2404,525,1,15-02-2006 5.09
2405,525,1,15-02-2006 5.09
2406,525,2,15-02-2006 5.09
2407,525,2,15-02-2006 5.09
2408,525,2,15-02-2006 5.09
2409,525,2,15-02-2006 5.09
2410,526,2,15-02-2006 5.09
2411,526,2,15-02-2006 5.09
2412,526,2,15-02-2006 5.09
2413,526,2,15-02-2006 5.09
2414,527,1,15-02-2006 5.09
2415,527,1,15-02-2006 5.09
2416,527,2,15-02-2006 5.09
2417,527,2,15-02-2006 5.09
2418,527,2,15-02-2006 5.09
2419,527,2,15-02-2006 5.09
2420,528,1,15-02-2006 5.09
2421,528,1,15-02-2006 5.09
2422,528,1,15-02-2006 5.09
2423,529,1,15-02-2006 5.09
2424,529,1,15-02-2006 5.09
2425,529,1,15-02-2006 5.09
2426,529,1,15-02-2006 5.09
2427,530,1,15-02-2006 5.09
2428,530,1,15-02-2006 5.09
2429,530,1,15-02-2006 5.09
2430,531,1,15-02-2006 5.09
2431,531,1,15-02-2006 5.09
2432,531,1,15-02-2006 5.09
2433,531,1,15-02-2006 5.09
2434,531,2,15-02-2006 5.09
2435,531,2,15-02-2006 5.09
2436,531,2,15-02-2006 5.09
2437,531,2,15-02-2006 5.09
2438,532,2,15-02-2006 5.09
2439,532,2,15-02-2006 5.09
2440,532,2,15-02-2006 5.09
2441,532,2,15-02-2006 5.09
2442,533,1,15-02-2006 5.09
2443,533,1,15-02-2006 5.09
2444,533,1,15-02-2006 5.09
2445,534,1,15-02-2006 5.09
2446,534,1,15-02-2006 5.09
2447,534,2,15-02-2006 5.09
2448,534,2,15-02-2006 5.09
2449,534,2,15-02-2006 5.09
2450,535,1,15-02-2006 5.09
2451,535,1,15-02-2006 5.09
2452,535,1,15-02-2006 5.09
2453,535,1,15-02-2006 5.09
2454,536,1,15-02-2006 5.09
2455,536,1,15-02-2006 5.09
2456,536,1,15-02-2006 5.09
2457,536,2,15-02-2006 5.09
2458,536,2,15-02-2006 5.09
2459,537,2,15-02-2006 5.09
2460,537,2,15-02-2006 5.09
2461,537,2,15-02-2006 5.09
2462,538,2,15-02-2006 5.09
2463,538,2,15-02-2006 5.09
2464,538,2,15-02-2006 5.09
2465,539,1,15-02-2006 5.09
2466,539,1,15-02-2006 5.09
2467,540,1,15-02-2006 5.09
2468,540,1,15-02-2006 5.09
2469,540,1,15-02-2006 5.09
2470,541,2,15-02-2006 5.09
2471,541,2,15-02-2006 5.09
2472,542,1,15-02-2006 5.09
2473,542,1,15-02-2006 5.09
2474,542,1,15-02-2006 5.09
2475,542,1,15-02-2006 5.09
2476,542,2,15-02-2006 5.09
2477,542,2,15-02-2006 5.09
2478,543,1,15-02-2006 5.09
2479,543,1,15-02-2006 5.09
2480,544,1,15-02-2006 5.09
2481,544,1,15-02-2006 5.09
2482,544,2,15-02-2006 5.09
2483,544,2,15-02-2006 5.09
2484,545,1,15-02-2006 5.09
2485,545,1,15-02-2006 5.09
2486,545,1,15-02-2006 5.09
2487,545,1,15-02-2006 5.09
2488,545,2,15-02-2006 5.09
2489,545,2,15-02-2006 5.09
2490,546,2,15-02-2006 5.09
2491,546,2,15-02-2006 5.09
2492,546,2,15-02-2006 5.09
2493,546,2,15-02-2006 5.09
2494,547,2,15-02-2006 5.09
2495,547,2,15-02-2006 5.09
2496,548,1,15-02-2006 5.09
2497,548,1,15-02-2006 5.09
2498,549,1,15-02-2006 5.09
2499,549,1,15-02-2006 5.09
2500,549,2,15-02-2006 5.09
2501,549,2,15-02-2006 5.09
2502,550,1,15-02-2006 5.09
2503,550,1,15-02-2006 5.09
2504,550,1,15-02-2006 5.09
2505,551,1,15-02-2006 5.09
2506,551,1,15-02-2006 5.09
2507,551,1,15-02-2006 5.09
2508,551,2,15-02-2006 5.09
2509,551,2,15-02-2006 5.09
2510,551,2,15-02-2006 5.09
2511,552,2,15-02-2006 5.09
2512,552,2,15-02-2006 5.09
2513,552,2,15-02-2006 5.09
2514,552,2,15-02-2006 5.09
2515,553,2,15-02-2006 5.09
2516,553,2,15-02-2006 5.09
2517,553,2,15-02-2006 5.09
2518,554,1,15-02-2006 5.09
2519,554,1,15-02-2006 5.09
2520,554,1,15-02-2006 5.09
2521,554,1,15-02-2006 5.09
2522,554,2,15-02-2006 5.09
2523,554,2,15-02-2006 5.09
2524,554,2,15-02-2006 5.09
2525,555,1,15-02-2006 5.09
2526,555,1,15-02-2006 5.09
2527,555,1,15-02-2006 5.09
2528,555,2,15-02-2006 5.09
2529,555,2,15-02-2006 5.09
2530,555,2,15-02-2006 5.09
2531,555,2,15-02-2006 5.09
2532,556,1,15-02-2006 5.09
2533,556,1,15-02-2006 5.09
2534,556,1,15-02-2006 5.09
2535,556,2,15-02-2006 5.09
2536,556,2,15-02-2006 5.09
2537,556,2,15-02-2006 5.09
2538,556,2,15-02-2006 5.09
2539,557,1,15-02-2006 5.09
2540,557,1,15-02-2006 5.09
2541,557,2,15-02-2006 5.09
2542,557,2,15-02-2006 5.09
2543,557,2,15-02-2006 5.09
2544,558,2,15-02-2006 5.09
2545,558,2,15-02-2006 5.09
2546,559,1,15-02-2006 5.09
2547,559,1,15-02-2006 5.09
2548,559,1,15-02-2006 5.09
2549,559,1,15-02-2006 5.09
2550,559,2,15-02-2006 5.09
2551,559,2,15-02-2006 5.09
2552,559,2,15-02-2006 5.09
2553,559,2,15-02-2006 5.09
2554,560,1,15-02-2006 5.09
2555,560,1,15-02-2006 5.09
2556,560,1,15-02-2006 5.09
2557,560,2,15-02-2006 5.09
2558,560,2,15-02-2006 5.09
2559,561,1,15-02-2006 5.09
2560,561,1,15-02-2006 5.09
2561,561,1,15-02-2006 5.09
2562,561,1,15-02-2006 5.09
2563,562,1,15-02-2006 5.09
2564,562,1,15-02-2006 5.09
2565,562,1,15-02-2006 5.09
2566,562,1,15-02-2006 5.09
2567,562,2,15-02-2006 5.09
2568,562,2,15-02-2006 5.09
2569,563,1,15-02-2006 5.09
2570,563,1,15-02-2006 5.09
2571,563,1,15-02-2006 5.09
2572,563,1,15-02-2006 5.09
2573,563,2,15-02-2006 5.09
2574,563,2,15-02-2006 5.09
2575,563,2,15-02-2006 5.09
2576,564,2,15-02-2006 5.09
2577,564,2,15-02-2006 5.09
2578,564,2,15-02-2006 5.09
2579,565,1,15-02-2006 5.09
2580,565,1,15-02-2006 5.09
2581,566,1,15-02-2006 5.09
2582,566,1,15-02-2006 5.09
2583,567,1,15-02-2006 5.09
2584,567,1,15-02-2006 5.09
2585,567,2,15-02-2006 5.09
2586,567,2,15-02-2006 5.09
2587,568,1,15-02-2006 5.09
2588,568,1,15-02-2006 5.09
2589,568,2,15-02-2006 5.09
2590,568,2,15-02-2006 5.09
2591,569,1,15-02-2006 5.09
2592,569,1,15-02-2006 5.09
2593,570,1,15-02-2006 5.09
2594,570,1,15-02-2006 5.09
2595,570,2,15-02-2006 5.09
2596,570,2,15-02-2006 5.09
2597,570,2,15-02-2006 5.09
2598,571,1,15-02-2006 5.09
2599,571,1,15-02-2006 5.09
2600,571,2,15-02-2006 5.09
2601,571,2,15-02-2006 5.09
2602,571,2,15-02-2006 5.09
2603,571,2,15-02-2006 5.09
2604,572,1,15-02-2006 5.09
2605,572,1,15-02-2006 5.09
2606,572,1,15-02-2006 5.09
2607,572,1,15-02-2006 5.09
2608,572,2,15-02-2006 5.09
2609,572,2,15-02-2006 5.09
2610,572,2,15-02-2006 5.09
2611,572,2,15-02-2006 5.09
2612,573,1,15-02-2006 5.09
2613,573,1,15-02-2006 5.09
2614,573,1,15-02-2006 5.09
2615,573,1,15-02-2006 5.09
2616,574,1,15-02-2006 5.09
2617,574,1,15-02-2006 5.09
2618,574,2,15-02-2006 5.09
2619,574,2,15-02-2006 5.09
2620,574,2,15-02-2006 5.09
2621,575,1,15-02-2006 5.09
2622,575,1,15-02-2006 5.09
2623,575,2,15-02-2006 5.09
2624,575,2,15-02-2006 5.09
2625,575,2,15-02-2006 5.09
2626,575,2,15-02-2006 5.09
2627,576,2,15-02-2006 5.09
2628,576,2,15-02-2006 5.09
2629,576,2,15-02-2006 5.09
2630,577,1,15-02-2006 5.09
2631,577,1,15-02-2006 5.09
2632,577,1,15-02-2006 5.09
2633,578,1,15-02-2006 5.09
2634,578,1,15-02-2006 5.09
2635,578,2,15-02-2006 5.09
2636,578,2,15-02-2006 5.09
2637,578,2,15-02-2006 5.09
2638,579,1,15-02-2006 5.09
2639,579,1,15-02-2006 5.09
2640,579,1,15-02-2006 5.09
2641,579,1,15-02-2006 5.09
2642,579,2,15-02-2006 5.09
2643,579,2,15-02-2006 5.09
2644,579,2,15-02-2006 5.09
2645,580,1,15-02-2006 5.09
2646,580,1,15-02-2006 5.09
2647,580,1,15-02-2006 5.09
2648,580,1,15-02-2006 5.09
2649,580,2,15-02-2006 5.09
2650,580,2,15-02-2006 5.09
2651,581,1,15-02-2006 5.09
2652,581,1,15-02-2006 5.09
2653,581,1,15-02-2006 5.09
2654,582,2,15-02-2006 5.09
2655,582,2,15-02-2006 5.09
2656,583,1,15-02-2006 5.09
2657,583,1,15-02-2006 5.09
2658,583,1,15-02-2006 5.09
2659,583,2,15-02-2006 5.09
2660,583,2,15-02-2006 5.09
2661,584,1,15-02-2006 5.09
2662,584,1,15-02-2006 5.09
2663,585,2,15-02-2006 5.09
2664,585,2,15-02-2006 5.09
2665,585,2,15-02-2006 5.09
2666,585,2,15-02-2006 5.09
2667,586,1,15-02-2006 5.09
2668,586,1,15-02-2006 5.09
2669,586,1,15-02-2006 5.09
2670,586,1,15-02-2006 5.09
2671,586,2,15-02-2006 5.09
2672,586,2,15-02-2006 5.09
2673,586,2,15-02-2006 5.09
2674,586,2,15-02-2006 5.09
2675,587,1,15-02-2006 5.09
2676,587,1,15-02-2006 5.09
2677,587,1,15-02-2006 5.09
2678,588,2,15-02-2006 5.09
2679,588,2,15-02-2006 5.09
2680,588,2,15-02-2006 5.09
2681,588,2,15-02-2006 5.09
2682,589,2,15-02-2006 5.09
2683,589,2,15-02-2006 5.09
2684,589,2,15-02-2006 5.09
2685,589,2,15-02-2006 5.09
2686,590,1,15-02-2006 5.09
2687,590,1,15-02-2006 5.09
2688,590,1,15-02-2006 5.09
2689,590,2,15-02-2006 5.09
2690,590,2,15-02-2006 5.09
2691,590,2,15-02-2006 5.09
2692,590,2,15-02-2006 5.09
2693,591,2,15-02-2006 5.09
2694,591,2,15-02-2006 5.09
2695,591,2,15-02-2006 5.09
2696,592,1,15-02-2006 5.09
2697,592,1,15-02-2006 5.09
2698,592,2,15-02-2006 5.09
2699,592,2,15-02-2006 5.09
2700,593,2,15-02-2006 5.09
2701,593,2,15-02-2006 5.09
2702,593,2,15-02-2006 5.09
2703,593,2,15-02-2006 5.09
2704,594,1,15-02-2006 5.09
2705,594,1,15-02-2006 5.09
2706,594,1,15-02-2006 5.09
2707,595,1,15-02-2006 5.09
2708,595,1,15-02-2006 5.09
2709,595,1,15-02-2006 5.09
2710,595,1,15-02-2006 5.09
2711,595,2,15-02-2006 5.09
2712,595,2,15-02-2006 5.09
2713,595,2,15-02-2006 5.09
2714,595,2,15-02-2006 5.09
2715,596,1,15-02-2006 5.09
2716,596,1,15-02-2006 5.09
2717,596,2,15-02-2006 5.09
2718,596,2,15-02-2006 5.09
2719,596,2,15-02-2006 5.09
2720,596,2,15-02-2006 5.09
2721,597,2,15-02-2006 5.09
2722,597,2,15-02-2006 5.09
2723,597,2,15-02-2006 5.09
2724,597,2,15-02-2006 5.09
2725,598,1,15-02-2006 5.09
2726,598,1,15-02-2006 5.09
2727,598,1,15-02-2006 5.09
2728,598,1,15-02-2006 5.09
2729,599,1,15-02-2006 5.09
2730,599,1,15-02-2006 5.09
2731,599,1,15-02-2006 5.09
2732,599,2,15-02-2006 5.09
2733,599,2,15-02-2006 5.09
2734,600,1,15-02-2006 5.09
2735,600,1,15-02-2006 5.09
2736,600,2,15-02-2006 5.09
2737,600,2,15-02-2006 5.09
2738,601,1,15-02-2006 5.09
2739,601,1,15-02-2006 5.09
2740,601,1,15-02-2006 5.09
2741,601,2,15-02-2006 5.09
2742,601,2,15-02-2006 5.09
2743,602,1,15-02-2006 5.09
2744,602,1,15-02-2006 5.09
2745,602,2,15-02-2006 5.09
2746,602,2,15-02-2006 5.09
2747,602,2,15-02-2006 5.09
2748,603,1,15-02-2006 5.09
2749,603,1,15-02-2006 5.09
2750,603,1,15-02-2006 5.09
2751,603,1,15-02-2006 5.09
2752,603,2,15-02-2006 5.09
2753,603,2,15-02-2006 5.09
2754,604,2,15-02-2006 5.09
2755,604,2,15-02-2006 5.09
2756,604,2,15-02-2006 5.09
2757,605,2,15-02-2006 5.09
2758,605,2,15-02-2006 5.09
2759,606,1,15-02-2006 5.09
2760,606,1,15-02-2006 5.09
2761,606,2,15-02-2006 5.09
2762,606,2,15-02-2006 5.09
2763,606,2,15-02-2006 5.09
2764,606,2,15-02-2006 5.09
2765,608,1,15-02-2006 5.09
2766,608,1,15-02-2006 5.09
2767,608,2,15-02-2006 5.09
2768,608,2,15-02-2006 5.09
2769,608,2,15-02-2006 5.09
2770,608,2,15-02-2006 5.09
2771,609,1,15-02-2006 5.09
2772,609,1,15-02-2006 5.09
2773,609,1,15-02-2006 5.09
2774,609,1,15-02-2006 5.09
2775,609,2,15-02-2006 5.09
2776,609,2,15-02-2006 5.09
2777,609,2,15-02-2006 5.09
2778,609,2,15-02-2006 5.09
2779,610,1,15-02-2006 5.09
2780,610,1,15-02-2006 5.09
2781,610,2,15-02-2006 5.09
2782,610,2,15-02-2006 5.09
2783,610,2,15-02-2006 5.09
2784,611,1,15-02-2006 5.09
2785,611,1,15-02-2006 5.09
2786,611,1,15-02-2006 5.09
2787,611,1,15-02-2006 5.09
2788,611,2,15-02-2006 5.09
2789,611,2,15-02-2006 5.09
2790,612,2,15-02-2006 5.09
2791,612,2,15-02-2006 5.09
2792,613,1,15-02-2006 5.09
2793,613,1,15-02-2006 5.09
2794,614,1,15-02-2006 5.09
2795,614,1,15-02-2006 5.09
2796,614,1,15-02-2006 5.09
2797,614,2,15-02-2006 5.09
2798,614,2,15-02-2006 5.09
2799,614,2,15-02-2006 5.09
2800,615,2,15-02-2006 5.09
2801,615,2,15-02-2006 5.09
2802,615,2,15-02-2006 5.09
2803,615,2,15-02-2006 5.09
2804,616,1,15-02-2006 5.09
2805,616,1,15-02-2006 5.09
2806,616,2,15-02-2006 5.09
2807,616,2,15-02-2006 5.09
2808,616,2,15-02-2006 5.09
2809,616,2,15-02-2006 5.09
2810,617,1,15-02-2006 5.09
2811,617,1,15-02-2006 5.09
2812,617,1,15-02-2006 5.09
2813,618,2,15-02-2006 5.09
2814,618,2,15-02-2006 5.09
2815,618,2,15-02-2006 5.09
2816,618,2,15-02-2006 5.09
2817,619,1,15-02-2006 5.09
2818,619,1,15-02-2006 5.09
2819,619,2,15-02-2006 5.09
2820,619,2,15-02-2006 5.09
2821,619,2,15-02-2006 5.09
2822,619,2,15-02-2006 5.09
2823,620,1,15-02-2006 5.09
2824,620,1,15-02-2006 5.09
2825,620,2,15-02-2006 5.09
2826,620,2,15-02-2006 5.09
2827,620,2,15-02-2006 5.09
2828,621,1,15-02-2006 5.09
2829,621,1,15-02-2006 5.09
2830,621,1,15-02-2006 5.09
2831,621,1,15-02-2006 5.09
2832,621,2,15-02-2006 5.09
2833,621,2,15-02-2006 5.09
2834,621,2,15-02-2006 5.09
2835,621,2,15-02-2006 5.09
2836,622,2,15-02-2006 5.09
2837,622,2,15-02-2006 5.09
2838,623,1,15-02-2006 5.09
2839,623,1,15-02-2006 5.09
2840,623,2,15-02-2006 5.09
2841,623,2,15-02-2006 5.09
2842,623,2,15-02-2006 5.09
2843,624,1,15-02-2006 5.09
2844,624,1,15-02-2006 5.09
2845,624,1,15-02-2006 5.09
2846,624,2,15-02-2006 5.09
2847,624,2,15-02-2006 5.09
2848,624,2,15-02-2006 5.09
2849,624,2,15-02-2006 5.09
2850,625,1,15-02-2006 5.09
2851,625,1,15-02-2006 5.09
2852,625,1,15-02-2006 5.09
2853,625,2,15-02-2006 5.09
2854,625,2,15-02-2006 5.09
2855,625,2,15-02-2006 5.09
2856,625,2,15-02-2006 5.09
2857,626,2,15-02-2006 5.09
2858,626,2,15-02-2006 5.09
2859,626,2,15-02-2006 5.09
2860,626,2,15-02-2006 5.09
2861,627,2,15-02-2006 5.09
2862,627,2,15-02-2006 5.09
2863,627,2,15-02-2006 5.09
2864,628,1,15-02-2006 5.09
2865,628,1,15-02-2006 5.09
2866,628,1,15-02-2006 5.09
2867,628,2,15-02-2006 5.09
2868,628,2,15-02-2006 5.09
2869,629,2,15-02-2006 5.09
2870,629,2,15-02-2006 5.09
2871,629,2,15-02-2006 5.09
2872,629,2,15-02-2006 5.09
2873,630,2,15-02-2006 5.09
2874,630,2,15-02-2006 5.09
2875,630,2,15-02-2006 5.09
2876,631,1,15-02-2006 5.09
2877,631,1,15-02-2006 5.09
2878,631,1,15-02-2006 5.09
2879,631,2,15-02-2006 5.09
2880,631,2,15-02-2006 5.09
2881,632,1,15-02-2006 5.09
2882,632,1,15-02-2006 5.09
2883,632,1,15-02-2006 5.09
2884,633,2,15-02-2006 5.09
2885,633,2,15-02-2006 5.09
2886,633,2,15-02-2006 5.09
2887,634,2,15-02-2006 5.09
2888,634,2,15-02-2006 5.09
2889,634,2,15-02-2006 5.09
2890,634,2,15-02-2006 5.09
2891,635,2,15-02-2006 5.09
2892,635,2,15-02-2006 5.09
2893,636,1,15-02-2006 5.09
2894,636,1,15-02-2006 5.09
2895,636,1,15-02-2006 5.09
2896,637,1,15-02-2006 5.09
2897,637,1,15-02-2006 5.09
2898,637,2,15-02-2006 5.09
2899,637,2,15-02-2006 5.09
2900,637,2,15-02-2006 5.09
2901,638,1,15-02-2006 5.09
2902,638,1,15-02-2006 5.09
2903,638,1,15-02-2006 5.09
2904,638,1,15-02-2006 5.09
2905,638,2,15-02-2006 5.09
2906,638,2,15-02-2006 5.09
2907,638,2,15-02-2006 5.09
2908,638,2,15-02-2006 5.09
2909,639,2,15-02-2006 5.09
2910,639,2,15-02-2006 5.09
2911,639,2,15-02-2006 5.09
2912,640,2,15-02-2006 5.09
2913,640,2,15-02-2006 5.09
2914,640,2,15-02-2006 5.09
2915,641,1,15-02-2006 5.09
2916,641,1,15-02-2006 5.09
2917,641,1,15-02-2006 5.09
2918,641,2,15-02-2006 5.09
2919,641,2,15-02-2006 5.09
2920,641,2,15-02-2006 5.09
2921,641,2,15-02-2006 5.09
2922,643,1,15-02-2006 5.09
2923,643,1,15-02-2006 5.09
2924,643,1,15-02-2006 5.09
2925,643,2,15-02-2006 5.09
2926,643,2,15-02-2006 5.09
2927,643,2,15-02-2006 5.09
2928,644,1,15-02-2006 5.09
2929,644,1,15-02-2006 5.09
2930,644,1,15-02-2006 5.09
2931,644,2,15-02-2006 5.09
2932,644,2,15-02-2006 5.09
2933,644,2,15-02-2006 5.09
2934,644,2,15-02-2006 5.09
2935,645,1,15-02-2006 5.09
2936,645,1,15-02-2006 5.09
2937,645,1,15-02-2006 5.09
2938,645,2,15-02-2006 5.09
2939,645,2,15-02-2006 5.09
2940,645,2,15-02-2006 5.09
2941,646,1,15-02-2006 5.09
2942,646,1,15-02-2006 5.09
2943,646,1,15-02-2006 5.09
2944,646,2,15-02-2006 5.09
2945,646,2,15-02-2006 5.09
2946,647,1,15-02-2006 5.09
2947,647,1,15-02-2006 5.09
2948,647,1,15-02-2006 5.09
2949,647,2,15-02-2006 5.09
2950,647,2,15-02-2006 5.09
2951,647,2,15-02-2006 5.09
2952,648,1,15-02-2006 5.09
2953,648,1,15-02-2006 5.09
2954,648,1,15-02-2006 5.09
2955,648,1,15-02-2006 5.09
2956,648,2,15-02-2006 5.09
2957,648,2,15-02-2006 5.09
2958,649,1,15-02-2006 5.09
2959,649,1,15-02-2006 5.09
2960,649,2,15-02-2006 5.09
2961,649,2,15-02-2006 5.09
2962,649,2,15-02-2006 5.09
2963,649,2,15-02-2006 5.09
2964,650,1,15-02-2006 5.09
2965,650,1,15-02-2006 5.09
2966,650,2,15-02-2006 5.09
2967,650,2,15-02-2006 5.09
2968,650,2,15-02-2006 5.09
2969,650,2,15-02-2006 5.09
2970,651,1,15-02-2006 5.09
2971,651,1,15-02-2006 5.09
2972,651,2,15-02-2006 5.09
2973,651,2,15-02-2006 5.09
2974,651,2,15-02-2006 5.09
2975,651,2,15-02-2006 5.09
2976,652,1,15-02-2006 5.09
2977,652,1,15-02-2006 5.09
2978,652,1,15-02-2006 5.09
2979,652,1,15-02-2006 5.09
2980,653,1,15-02-2006 5.09
2981,653,1,15-02-2006 5.09
2982,654,1,15-02-2006 5.09
2983,654,1,15-02-2006 5.09
2984,654,2,15-02-2006 5.09
2985,654,2,15-02-2006 5.09
2986,655,1,15-02-2006 5.09
2987,655,1,15-02-2006 5.09
2988,655,1,15-02-2006 5.09
2989,655,2,15-02-2006 5.09
2990,655,2,15-02-2006 5.09
2991,655,2,15-02-2006 5.09
2992,656,2,15-02-2006 5.09
2993,656,2,15-02-2006 5.09
2994,657,1,15-02-2006 5.09
2995,657,1,15-02-2006 5.09
2996,657,1,15-02-2006 5.09
2997,657,1,15-02-2006 5.09
2998,657,2,15-02-2006 5.09
2999,657,2,15-02-2006 5.09
3000,658,2,15-02-2006 5.09
3001,658,2,15-02-2006 5.09
3002,658,2,15-02-2006 5.09
3003,658,2,15-02-2006 5.09
3004,659,2,15-02-2006 5.09
3005,659,2,15-02-2006 5.09
3006,660,1,15-02-2006 5.09
3007,660,1,15-02-2006 5.09
3008,660,2,15-02-2006 5.09
3009,660,2,15-02-2006 5.09
3010,661,1,15-02-2006 5.09
3011,661,1,15-02-2006 5.09
3012,661,1,15-02-2006 5.09
3013,661,1,15-02-2006 5.09
3014,662,1,15-02-2006 5.09
3015,662,1,15-02-2006 5.09
3016,662,2,15-02-2006 5.09
3017,662,2,15-02-2006 5.09
3018,663,1,15-02-2006 5.09
3019,663,1,15-02-2006 5.09
3020,663,1,15-02-2006 5.09
3021,663,2,15-02-2006 5.09
3022,663,2,15-02-2006 5.09
3023,664,1,15-02-2006 5.09
3024,664,1,15-02-2006 5.09
3025,664,2,15-02-2006 5.09
3026,664,2,15-02-2006 5.09
3027,664,2,15-02-2006 5.09
3028,665,1,15-02-2006 5.09
3029,665,1,15-02-2006 5.09
3030,665,1,15-02-2006 5.09
3031,665,1,15-02-2006 5.09
3032,665,2,15-02-2006 5.09
3033,665,2,15-02-2006 5.09
3034,665,2,15-02-2006 5.09
3035,666,1,15-02-2006 5.09
3036,666,1,15-02-2006 5.09
3037,666,1,15-02-2006 5.09
3038,666,2,15-02-2006 5.09
3039,666,2,15-02-2006 5.09
3040,667,1,15-02-2006 5.09
3041,667,1,15-02-2006 5.09
3042,667,2,15-02-2006 5.09
3043,667,2,15-02-2006 5.09
3044,668,1,15-02-2006 5.09
3045,668,1,15-02-2006 5.09
3046,668,2,15-02-2006 5.09
3047,668,2,15-02-2006 5.09
3048,668,2,15-02-2006 5.09
3049,670,1,15-02-2006 5.09
3050,670,1,15-02-2006 5.09
3051,670,1,15-02-2006 5.09
3052,670,1,15-02-2006 5.09
3053,670,2,15-02-2006 5.09
3054,670,2,15-02-2006 5.09
3055,670,2,15-02-2006 5.09
3056,672,1,15-02-2006 5.09
3057,672,1,15-02-2006 5.09
3058,672,2,15-02-2006 5.09
3059,672,2,15-02-2006 5.09
3060,672,2,15-02-2006 5.09
3061,672,2,15-02-2006 5.09
3062,673,1,15-02-2006 5.09
3063,673,1,15-02-2006 5.09
3064,673,2,15-02-2006 5.09
3065,673,2,15-02-2006 5.09
3066,674,1,15-02-2006 5.09
3067,674,1,15-02-2006 5.09
3068,674,1,15-02-2006 5.09
3069,675,1,15-02-2006 5.09
3070,675,1,15-02-2006 5.09
3071,676,1,15-02-2006 5.09
3072,676,1,15-02-2006 5.09
3073,676,2,15-02-2006 5.09
3074,676,2,15-02-2006 5.09
3075,676,2,15-02-2006 5.09
3076,676,2,15-02-2006 5.09
3077,677,1,15-02-2006 5.09
3078,677,1,15-02-2006 5.09
3079,677,1,15-02-2006 5.09
3080,677,2,15-02-2006 5.09
3081,677,2,15-02-2006 5.09
3082,677,2,15-02-2006 5.09
3083,677,2,15-02-2006 5.09
3084,678,1,15-02-2006 5.09
3085,678,1,15-02-2006 5.09
3086,678,1,15-02-2006 5.09
3087,678,1,15-02-2006 5.09
3088,679,1,15-02-2006 5.09
3089,679,1,15-02-2006 5.09
3090,679,2,15-02-2006 5.09
3091,679,2,15-02-2006 5.09
3092,680,1,15-02-2006 5.09
3093,680,1,15-02-2006 5.09
3094,680,2,15-02-2006 5.09
3095,680,2,15-02-2006 5.09
3096,680,2,15-02-2006 5.09
3097,680,2,15-02-2006 5.09
3098,681,1,15-02-2006 5.09
3099,681,1,15-02-2006 5.09
3100,681,1,15-02-2006 5.09
3101,681,2,15-02-2006 5.09
3102,681,2,15-02-2006 5.09
3103,681,2,15-02-2006 5.09
3104,682,1,15-02-2006 5.09
3105,682,1,15-02-2006 5.09
3106,682,1,15-02-2006 5.09
3107,683,1,15-02-2006 5.09
3108,683,1,15-02-2006 5.09
3109,683,1,15-02-2006 5.09
3110,683,1,15-02-2006 5.09
3111,683,2,15-02-2006 5.09
3112,683,2,15-02-2006 5.09
3113,683,2,15-02-2006 5.09
3114,683,2,15-02-2006 5.09
3115,684,2,15-02-2006 5.09
3116,684,2,15-02-2006 5.09
3117,685,2,15-02-2006 5.09
3118,685,2,15-02-2006 5.09
3119,686,1,15-02-2006 5.09
3120,686,1,15-02-2006 5.09
3121,686,1,15-02-2006 5.09
3122,686,1,15-02-2006 5.09
3123,687,1,15-02-2006 5.09
3124,687,1,15-02-2006 5.09
3125,687,1,15-02-2006 5.09
3126,687,2,15-02-2006 5.09
3127,687,2,15-02-2006 5.09
3128,687,2,15-02-2006 5.09
3129,687,2,15-02-2006 5.09
3130,688,2,15-02-2006 5.09
3131,688,2,15-02-2006 5.09
3132,688,2,15-02-2006 5.09
3133,688,2,15-02-2006 5.09
3134,689,1,15-02-2006 5.09
3135,689,1,15-02-2006 5.09
3136,689,1,15-02-2006 5.09
3137,689,1,15-02-2006 5.09
3138,689,2,15-02-2006 5.09
3139,689,2,15-02-2006 5.09
3140,690,1,15-02-2006 5.09
3141,690,1,15-02-2006 5.09
3142,690,1,15-02-2006 5.09
3143,690,1,15-02-2006 5.09
3144,690,2,15-02-2006 5.09
3145,690,2,15-02-2006 5.09
3146,691,1,15-02-2006 5.09
3147,691,1,15-02-2006 5.09
3148,691,1,15-02-2006 5.09
3149,691,2,15-02-2006 5.09
3150,691,2,15-02-2006 5.09
3151,692,2,15-02-2006 5.09
3152,692,2,15-02-2006 5.09
3153,692,2,15-02-2006 5.09
3154,693,1,15-02-2006 5.09
3155,693,1,15-02-2006 5.09
3156,693,2,15-02-2006 5.09
3157,693,2,15-02-2006 5.09
3158,693,2,15-02-2006 5.09
3159,694,1,15-02-2006 5.09
3160,694,1,15-02-2006 5.09
3161,694,1,15-02-2006 5.09
3162,694,1,15-02-2006 5.09
3163,694,2,15-02-2006 5.09
3164,694,2,15-02-2006 5.09
3165,695,1,15-02-2006 5.09
3166,695,1,15-02-2006 5.09
3167,696,1,15-02-2006 5.09
3168,696,1,15-02-2006 5.09
3169,696,2,15-02-2006 5.09
3170,696,2,15-02-2006 5.09
3171,696,2,15-02-2006 5.09
3172,697,1,15-02-2006 5.09
3173,697,1,15-02-2006 5.09
3174,697,1,15-02-2006 5.09
3175,697,1,15-02-2006 5.09
3176,697,2,15-02-2006 5.09
3177,697,2,15-02-2006 5.09
3178,697,2,15-02-2006 5.09
3179,697,2,15-02-2006 5.09
3180,698,1,15-02-2006 5.09
3181,698,1,15-02-2006 5.09
3182,698,1,15-02-2006 5.09
3183,698,1,15-02-2006 5.09
3184,698,2,15-02-2006 5.09
3185,698,2,15-02-2006 5.09
3186,698,2,15-02-2006 5.09
3187,699,1,15-02-2006 5.09
3188,699,1,15-02-2006 5.09
3189,700,2,15-02-2006 5.09
3190,700,2,15-02-2006 5.09
3191,700,2,15-02-2006 5.09
3192,702,1,15-02-2006 5.09
3193,702,1,15-02-2006 5.09
3194,702,1,15-02-2006 5.09
3195,702,1,15-02-2006 5.09
3196,702,2,15-02-2006 5.09
3197,702,2,15-02-2006 5.09
3198,702,2,15-02-2006 5.09
3199,702,2,15-02-2006 5.09
3200,703,2,15-02-2006 5.09
3201,703,2,15-02-2006 5.09
3202,704,1,15-02-2006 5.09
3203,704,1,15-02-2006 5.09
3204,704,2,15-02-2006 5.09
3205,704,2,15-02-2006 5.09
3206,704,2,15-02-2006 5.09
3207,705,1,15-02-2006 5.09
3208,705,1,15-02-2006 5.09
3209,705,1,15-02-2006 5.09
3210,705,1,15-02-2006 5.09
3211,706,1,15-02-2006 5.09
3212,706,1,15-02-2006 5.09
3213,706,2,15-02-2006 5.09
3214,706,2,15-02-2006 5.09
3215,706,2,15-02-2006 5.09
3216,706,2,15-02-2006 5.09
3217,707,1,15-02-2006 5.09
3218,707,1,15-02-2006 5.09
3219,707,2,15-02-2006 5.09
3220,707,2,15-02-2006 5.09
3221,707,2,15-02-2006 5.09
3222,707,2,15-02-2006 5.09
3223,708,1,15-02-2006 5.09
3224,708,1,15-02-2006 5.09
3225,708,2,15-02-2006 5.09
3226,708,2,15-02-2006 5.09
3227,709,1,15-02-2006 5.09
3228,709,1,15-02-2006 5.09
3229,709,2,15-02-2006 5.09
3230,709,2,15-02-2006 5.09
3231,709,2,15-02-2006 5.09
3232,709,2,15-02-2006 5.09
3233,710,1,15-02-2006 5.09
3234,710,1,15-02-2006 5.09
3235,710,1,15-02-2006 5.09
3236,710,1,15-02-2006 5.09
3237,710,2,15-02-2006 5.09
3238,710,2,15-02-2006 5.09
3239,711,2,15-02-2006 5.09
3240,711,2,15-02-2006 5.09
3241,711,2,15-02-2006 5.09
3242,711,2,15-02-2006 5.09
3243,714,2,15-02-2006 5.09
3244,714,2,15-02-2006 5.09
3245,714,2,15-02-2006 5.09
3246,715,1,15-02-2006 5.09
3247,715,1,15-02-2006 5.09
3248,715,1,15-02-2006 5.09
3249,715,1,15-02-2006 5.09
3250,715,2,15-02-2006 5.09
3251,715,2,15-02-2006 5.09
3252,715,2,15-02-2006 5.09
3253,716,1,15-02-2006 5.09
3254,716,1,15-02-2006 5.09
3255,716,2,15-02-2006 5.09
3256,716,2,15-02-2006 5.09
3257,716,2,15-02-2006 5.09
3258,717,1,15-02-2006 5.09
3259,717,1,15-02-2006 5.09
3260,717,2,15-02-2006 5.09
3261,717,2,15-02-2006 5.09
3262,718,2,15-02-2006 5.09
3263,718,2,15-02-2006 5.09
3264,719,1,15-02-2006 5.09
3265,719,1,15-02-2006 5.09
3266,720,1,15-02-2006 5.09
3267,720,1,15-02-2006 5.09
3268,720,1,15-02-2006 5.09
3269,720,2,15-02-2006 5.09
3270,720,2,15-02-2006 5.09
3271,720,2,15-02-2006 5.09
3272,720,2,15-02-2006 5.09
3273,721,1,15-02-2006 5.09
3274,721,1,15-02-2006 5.09
3275,722,1,15-02-2006 5.09
3276,722,1,15-02-2006 5.09
3277,722,2,15-02-2006 5.09
3278,722,2,15-02-2006 5.09
3279,723,1,15-02-2006 5.09
3280,723,1,15-02-2006 5.09
3281,723,1,15-02-2006 5.09
3282,723,1,15-02-2006 5.09
3283,723,2,15-02-2006 5.09
3284,723,2,15-02-2006 5.09
3285,723,2,15-02-2006 5.09
3286,724,1,15-02-2006 5.09
3287,724,1,15-02-2006 5.09
3288,724,2,15-02-2006 5.09
3289,724,2,15-02-2006 5.09
3290,724,2,15-02-2006 5.09
3291,724,2,15-02-2006 5.09
3292,725,1,15-02-2006 5.09
3293,725,1,15-02-2006 5.09
3294,725,1,15-02-2006 5.09
3295,725,2,15-02-2006 5.09
3296,725,2,15-02-2006 5.09
3297,725,2,15-02-2006 5.09
3298,726,2,15-02-2006 5.09
3299,726,2,15-02-2006 5.09
3300,726,2,15-02-2006 5.09
3301,727,1,15-02-2006 5.09
3302,727,1,15-02-2006 5.09
3303,727,2,15-02-2006 5.09
3304,727,2,15-02-2006 5.09
3305,727,2,15-02-2006 5.09
3306,728,1,15-02-2006 5.09
3307,728,1,15-02-2006 5.09
3308,728,1,15-02-2006 5.09
3309,728,2,15-02-2006 5.09
3310,728,2,15-02-2006 5.09
3311,729,2,15-02-2006 5.09
3312,729,2,15-02-2006 5.09
3313,729,2,15-02-2006 5.09
3314,729,2,15-02-2006 5.09
3315,730,1,15-02-2006 5.09
3316,730,1,15-02-2006 5.09
3317,730,1,15-02-2006 5.09
3318,730,1,15-02-2006 5.09
3319,730,2,15-02-2006 5.09
3320,730,2,15-02-2006 5.09
3321,730,2,15-02-2006 5.09
3322,730,2,15-02-2006 5.09
3323,731,2,15-02-2006 5.09
3324,731,2,15-02-2006 5.09
3325,731,2,15-02-2006 5.09
3326,732,1,15-02-2006 5.09
3327,732,1,15-02-2006 5.09
3328,732,1,15-02-2006 5.09
3329,732,1,15-02-2006 5.09
3330,733,1,15-02-2006 5.09
3331,733,1,15-02-2006 5.09
3332,733,1,15-02-2006 5.09
3333,733,1,15-02-2006 5.09
3334,733,2,15-02-2006 5.09
3335,733,2,15-02-2006 5.09
3336,733,2,15-02-2006 5.09
3337,734,1,15-02-2006 5.09
3338,734,1,15-02-2006 5.09
3339,734,2,15-02-2006 5.09
3340,734,2,15-02-2006 5.09
3341,734,2,15-02-2006 5.09
3342,734,2,15-02-2006 5.09
3343,735,1,15-02-2006 5.09
3344,735,1,15-02-2006 5.09
3345,735,1,15-02-2006 5.09
3346,735,2,15-02-2006 5.09
3347,735,2,15-02-2006 5.09
3348,735,2,15-02-2006 5.09
3349,735,2,15-02-2006 5.09
3350,736,1,15-02-2006 5.09
3351,736,1,15-02-2006 5.09
3352,736,1,15-02-2006 5.09
3353,736,1,15-02-2006 5.09
3354,737,1,15-02-2006 5.09
3355,737,1,15-02-2006 5.09
3356,737,2,15-02-2006 5.09
3357,737,2,15-02-2006 5.09
3358,737,2,15-02-2006 5.09
3359,737,2,15-02-2006 5.09
3360,738,1,15-02-2006 5.09
3361,738,1,15-02-2006 5.09
3362,738,1,15-02-2006 5.09
3363,738,1,15-02-2006 5.09
3364,738,2,15-02-2006 5.09
3365,738,2,15-02-2006 5.09
3366,738,2,15-02-2006 5.09
3367,738,2,15-02-2006 5.09
3368,739,1,15-02-2006 5.09
3369,739,1,15-02-2006 5.09
3370,739,2,15-02-2006 5.09
3371,739,2,15-02-2006 5.09
3372,739,2,15-02-2006 5.09
3373,740,2,15-02-2006 5.09
3374,740,2,15-02-2006 5.09
3375,740,2,15-02-2006 5.09
3376,741,1,15-02-2006 5.09
3377,741,1,15-02-2006 5.09
3378,741,1,15-02-2006 5.09
3379,741,1,15-02-2006 5.09
3380,741,2,15-02-2006 5.09
3381,741,2,15-02-2006 5.09
3382,743,1,15-02-2006 5.09
3383,743,1,15-02-2006 5.09
3384,743,2,15-02-2006 5.09
3385,743,2,15-02-2006 5.09
3386,743,2,15-02-2006 5.09
3387,743,2,15-02-2006 5.09
3388,744,1,15-02-2006 5.09
3389,744,1,15-02-2006 5.09
3390,744,2,15-02-2006 5.09
3391,744,2,15-02-2006 5.09
3392,744,2,15-02-2006 5.09
3393,745,1,15-02-2006 5.09
3394,745,1,15-02-2006 5.09
3395,745,1,15-02-2006 5.09
3396,745,1,15-02-2006 5.09
3397,745,2,15-02-2006 5.09
3398,745,2,15-02-2006 5.09
3399,745,2,15-02-2006 5.09
3400,745,2,15-02-2006 5.09
3401,746,1,15-02-2006 5.09
3402,746,1,15-02-2006 5.09
3403,746,2,15-02-2006 5.09
3404,746,2,15-02-2006 5.09
3405,746,2,15-02-2006 5.09
3406,747,1,15-02-2006 5.09
3407,747,1,15-02-2006 5.09
3408,747,2,15-02-2006 5.09
3409,747,2,15-02-2006 5.09
3410,747,2,15-02-2006 5.09
3411,748,1,15-02-2006 5.09
3412,748,1,15-02-2006 5.09
3413,748,1,15-02-2006 5.09
3414,748,1,15-02-2006 5.09
3415,748,2,15-02-2006 5.09
3416,748,2,15-02-2006 5.09
3417,748,2,15-02-2006 5.09
3418,748,2,15-02-2006 5.09
3419,749,1,15-02-2006 5.09
3420,749,1,15-02-2006 5.09
3421,749,2,15-02-2006 5.09
3422,749,2,15-02-2006 5.09
3423,750,1,15-02-2006 5.09
3424,750,1,15-02-2006 5.09
3425,750,1,15-02-2006 5.09
3426,751,2,15-02-2006 5.09
3427,751,2,15-02-2006 5.09
3428,752,2,15-02-2006 5.09
3429,752,2,15-02-2006 5.09
3430,752,2,15-02-2006 5.09
3431,753,1,15-02-2006 5.09
3432,753,1,15-02-2006 5.09
3433,753,1,15-02-2006 5.09
3434,753,1,15-02-2006 5.09
3435,753,2,15-02-2006 5.09
3436,753,2,15-02-2006 5.09
3437,753,2,15-02-2006 5.09
3438,753,2,15-02-2006 5.09
3439,754,2,15-02-2006 5.09
3440,754,2,15-02-2006 5.09
3441,755,1,15-02-2006 5.09
3442,755,1,15-02-2006 5.09
3443,755,1,15-02-2006 5.09
3444,755,1,15-02-2006 5.09
3445,755,2,15-02-2006 5.09
3446,755,2,15-02-2006 5.09
3447,755,2,15-02-2006 5.09
3448,756,2,15-02-2006 5.09
3449,756,2,15-02-2006 5.09
3450,756,2,15-02-2006 5.09
3451,757,1,15-02-2006 5.09
3452,757,1,15-02-2006 5.09
3453,757,1,15-02-2006 5.09
3454,757,2,15-02-2006 5.09
3455,757,2,15-02-2006 5.09
3456,758,2,15-02-2006 5.09
3457,758,2,15-02-2006 5.09
3458,758,2,15-02-2006 5.09
3459,759,1,15-02-2006 5.09
3460,759,1,15-02-2006 5.09
3461,759,2,15-02-2006 5.09
3462,759,2,15-02-2006 5.09
3463,759,2,15-02-2006 5.09
3464,759,2,15-02-2006 5.09
3465,760,1,15-02-2006 5.09
3466,760,1,15-02-2006 5.09
3467,760,1,15-02-2006 5.09
3468,760,2,15-02-2006 5.09
3469,760,2,15-02-2006 5.09
3470,760,2,15-02-2006 5.09
3471,760,2,15-02-2006 5.09
3472,761,2,15-02-2006 5.09
3473,761,2,15-02-2006 5.09
3474,761,2,15-02-2006 5.09
3475,762,2,15-02-2006 5.09
3476,762,2,15-02-2006 5.09
3477,762,2,15-02-2006 5.09
3478,762,2,15-02-2006 5.09
3479,763,1,15-02-2006 5.09
3480,763,1,15-02-2006 5.09
3481,763,1,15-02-2006 5.09
3482,763,2,15-02-2006 5.09
3483,763,2,15-02-2006 5.09
3484,764,1,15-02-2006 5.09
3485,764,1,15-02-2006 5.09
3486,764,1,15-02-2006 5.09
3487,764,1,15-02-2006 5.09
3488,764,2,15-02-2006 5.09
3489,764,2,15-02-2006 5.09
3490,764,2,15-02-2006 5.09
3491,764,2,15-02-2006 5.09
3492,765,1,15-02-2006 5.09
3493,765,1,15-02-2006 5.09
3494,765,1,15-02-2006 5.09
3495,765,1,15-02-2006 5.09
3496,766,1,15-02-2006 5.09
3497,766,1,15-02-2006 5.09
3498,766,1,15-02-2006 5.09
3499,767,1,15-02-2006 5.09
3500,767,1,15-02-2006 5.09
3501,767,1,15-02-2006 5.09
3502,767,1,15-02-2006 5.09
3503,767,2,15-02-2006 5.09
3504,767,2,15-02-2006 5.09
3505,767,2,15-02-2006 5.09
3506,767,2,15-02-2006 5.09
3507,768,1,15-02-2006 5.09
3508,768,1,15-02-2006 5.09
3509,768,1,15-02-2006 5.09
3510,768,2,15-02-2006 5.09
3511,768,2,15-02-2006 5.09
3512,768,2,15-02-2006 5.09
3513,769,2,15-02-2006 5.09
3514,769,2,15-02-2006 5.09
3515,770,2,15-02-2006 5.09
3516,770,2,15-02-2006 5.09
3517,770,2,15-02-2006 5.09
3518,771,1,15-02-2006 5.09
3519,771,1,15-02-2006 5.09
3520,771,1,15-02-2006 5.09
3521,771,2,15-02-2006 5.09
3522,771,2,15-02-2006 5.09
3523,771,2,15-02-2006 5.09
3524,771,2,15-02-2006 5.09
3525,772,1,15-02-2006 5.09
3526,772,1,15-02-2006 5.09
3527,772,1,15-02-2006 5.09
3528,772,1,15-02-2006 5.09
3529,772,2,15-02-2006 5.09
3530,772,2,15-02-2006 5.09
3531,773,1,15-02-2006 5.09
3532,773,1,15-02-2006 5.09
3533,773,1,15-02-2006 5.09
3534,773,1,15-02-2006 5.09
3535,773,2,15-02-2006 5.09
3536,773,2,15-02-2006 5.09
3537,773,2,15-02-2006 5.09
3538,773,2,15-02-2006 5.09
3539,774,1,15-02-2006 5.09
3540,774,1,15-02-2006 5.09
3541,774,1,15-02-2006 5.09
3542,774,1,15-02-2006 5.09
3543,775,1,15-02-2006 5.09
3544,775,1,15-02-2006 5.09
3545,775,1,15-02-2006 5.09
3546,775,2,15-02-2006 5.09
3547,775,2,15-02-2006 5.09
3548,776,1,15-02-2006 5.09
3549,776,1,15-02-2006 5.09
3550,776,2,15-02-2006 5.09
3551,776,2,15-02-2006 5.09
3552,776,2,15-02-2006 5.09
3553,777,1,15-02-2006 5.09
3554,777,1,15-02-2006 5.09
3555,777,1,15-02-2006 5.09
3556,777,2,15-02-2006 5.09
3557,777,2,15-02-2006 5.09
3558,777,2,15-02-2006 5.09
3559,778,1,15-02-2006 5.09
3560,778,1,15-02-2006 5.09
3561,778,1,15-02-2006 5.09
3562,778,1,15-02-2006 5.09
3563,778,2,15-02-2006 5.09
3564,778,2,15-02-2006 5.09
3565,779,2,15-02-2006 5.09
3566,779,2,15-02-2006 5.09
3567,780,2,15-02-2006 5.09
3568,780,2,15-02-2006 5.09
3569,780,2,15-02-2006 5.09
3570,781,2,15-02-2006 5.09
3571,781,2,15-02-2006 5.09
3572,782,1,15-02-2006 5.09
3573,782,1,15-02-2006 5.09
3574,782,1,15-02-2006 5.09
3575,782,2,15-02-2006 5.09
3576,782,2,15-02-2006 5.09
3577,782,2,15-02-2006 5.09
3578,783,1,15-02-2006 5.09
3579,783,1,15-02-2006 5.09
3580,783,1,15-02-2006 5.09
3581,783,1,15-02-2006 5.09
3582,784,1,15-02-2006 5.09
3583,784,1,15-02-2006 5.09
3584,784,1,15-02-2006 5.09
3585,784,2,15-02-2006 5.09
3586,784,2,15-02-2006 5.09
3587,784,2,15-02-2006 5.09
3588,785,1,15-02-2006 5.09
3589,785,1,15-02-2006 5.09
3590,785,1,15-02-2006 5.09
3591,785,1,15-02-2006 5.09
3592,785,2,15-02-2006 5.09
3593,785,2,15-02-2006 5.09
3594,786,1,15-02-2006 5.09
3595,786,1,15-02-2006 5.09
3596,786,1,15-02-2006 5.09
3597,786,2,15-02-2006 5.09
3598,786,2,15-02-2006 5.09
3599,786,2,15-02-2006 5.09
3600,786,2,15-02-2006 5.09
3601,787,1,15-02-2006 5.09
3602,787,1,15-02-2006 5.09
3603,787,1,15-02-2006 5.09
3604,788,1,15-02-2006 5.09
3605,788,1,15-02-2006 5.09
3606,788,2,15-02-2006 5.09
3607,788,2,15-02-2006 5.09
3608,789,1,15-02-2006 5.09
3609,789,1,15-02-2006 5.09
3610,789,1,15-02-2006 5.09
3611,789,1,15-02-2006 5.09
3612,789,2,15-02-2006 5.09
3613,789,2,15-02-2006 5.09
3614,789,2,15-02-2006 5.09
3615,789,2,15-02-2006 5.09
3616,790,1,15-02-2006 5.09
3617,790,1,15-02-2006 5.09
3618,790,1,15-02-2006 5.09
3619,790,1,15-02-2006 5.09
3620,790,2,15-02-2006 5.09
3621,790,2,15-02-2006 5.09
3622,790,2,15-02-2006 5.09
3623,791,1,15-02-2006 5.09
3624,791,1,15-02-2006 5.09
3625,791,2,15-02-2006 5.09
3626,791,2,15-02-2006 5.09
3627,791,2,15-02-2006 5.09
3628,791,2,15-02-2006 5.09
3629,792,2,15-02-2006 5.09
3630,792,2,15-02-2006 5.09
3631,792,2,15-02-2006 5.09
3632,793,1,15-02-2006 5.09
3633,793,1,15-02-2006 5.09
3634,793,1,15-02-2006 5.09
3635,793,1,15-02-2006 5.09
3636,794,1,15-02-2006 5.09
3637,794,1,15-02-2006 5.09
3638,794,2,15-02-2006 5.09
3639,794,2,15-02-2006 5.09
3640,795,1,15-02-2006 5.09
3641,795,1,15-02-2006 5.09
3642,795,1,15-02-2006 5.09
3643,795,1,15-02-2006 5.09
3644,796,1,15-02-2006 5.09
3645,796,1,15-02-2006 5.09
3646,796,2,15-02-2006 5.09
3647,796,2,15-02-2006 5.09
3648,796,2,15-02-2006 5.09
3649,797,1,15-02-2006 5.09
3650,797,1,15-02-2006 5.09
3651,797,2,15-02-2006 5.09
3652,797,2,15-02-2006 5.09
3653,797,2,15-02-2006 5.09
3654,798,1,15-02-2006 5.09
3655,798,1,15-02-2006 5.09
3656,798,2,15-02-2006 5.09
3657,798,2,15-02-2006 5.09
3658,799,1,15-02-2006 5.09
3659,799,1,15-02-2006 5.09
3660,800,1,15-02-2006 5.09
3661,800,1,15-02-2006 5.09
3662,800,2,15-02-2006 5.09
3663,800,2,15-02-2006 5.09
3664,800,2,15-02-2006 5.09
3665,800,2,15-02-2006 5.09
3666,803,1,15-02-2006 5.09
3667,803,1,15-02-2006 5.09
3668,803,1,15-02-2006 5.09
3669,803,1,15-02-2006 5.09
3670,803,2,15-02-2006 5.09
3671,803,2,15-02-2006 5.09
3672,804,1,15-02-2006 5.09
3673,804,1,15-02-2006 5.09
3674,804,1,15-02-2006 5.09
3675,804,1,15-02-2006 5.09
3676,804,2,15-02-2006 5.09
3677,804,2,15-02-2006 5.09
3678,804,2,15-02-2006 5.09
3679,805,1,15-02-2006 5.09
3680,805,1,15-02-2006 5.09
3681,805,2,15-02-2006 5.09
3682,805,2,15-02-2006 5.09
3683,805,2,15-02-2006 5.09
3684,806,1,15-02-2006 5.09
3685,806,1,15-02-2006 5.09
3686,806,1,15-02-2006 5.09
3687,806,2,15-02-2006 5.09
3688,806,2,15-02-2006 5.09
3689,807,1,15-02-2006 5.09
3690,807,1,15-02-2006 5.09
3691,807,1,15-02-2006 5.09
3692,807,2,15-02-2006 5.09
3693,807,2,15-02-2006 5.09
3694,808,2,15-02-2006 5.09
3695,808,2,15-02-2006 5.09
3696,809,2,15-02-2006 5.09
3697,809,2,15-02-2006 5.09
3698,809,2,15-02-2006 5.09
3699,809,2,15-02-2006 5.09
3700,810,1,15-02-2006 5.09
3701,810,1,15-02-2006 5.09
3702,810,1,15-02-2006 5.09
3703,810,1,15-02-2006 5.09
3704,810,2,15-02-2006 5.09
3705,810,2,15-02-2006 5.09
3706,810,2,15-02-2006 5.09
3707,811,1,15-02-2006 5.09
3708,811,1,15-02-2006 5.09
3709,811,1,15-02-2006 5.09
3710,812,1,15-02-2006 5.09
3711,812,1,15-02-2006 5.09
3712,812,1,15-02-2006 5.09
3713,812,2,15-02-2006 5.09
3714,812,2,15-02-2006 5.09
3715,812,2,15-02-2006 5.09
3716,813,2,15-02-2006 5.09
3717,813,2,15-02-2006 5.09
3718,813,2,15-02-2006 5.09
3719,813,2,15-02-2006 5.09
3720,814,1,15-02-2006 5.09
3721,814,1,15-02-2006 5.09
3722,814,1,15-02-2006 5.09
3723,814,2,15-02-2006 5.09
3724,814,2,15-02-2006 5.09
3725,814,2,15-02-2006 5.09
3726,814,2,15-02-2006 5.09
3727,815,1,15-02-2006 5.09
3728,815,1,15-02-2006 5.09
3729,815,1,15-02-2006 5.09
3730,816,1,15-02-2006 5.09
3731,816,1,15-02-2006 5.09
3732,816,1,15-02-2006 5.09
3733,816,1,15-02-2006 5.09
3734,816,2,15-02-2006 5.09
3735,816,2,15-02-2006 5.09
3736,816,2,15-02-2006 5.09
3737,817,1,15-02-2006 5.09
3738,817,1,15-02-2006 5.09
3739,818,1,15-02-2006 5.09
3740,818,1,15-02-2006 5.09
3741,818,1,15-02-2006 5.09
3742,818,2,15-02-2006 5.09
3743,818,2,15-02-2006 5.09
3744,819,1,15-02-2006 5.09
3745,819,1,15-02-2006 5.09
3746,819,1,15-02-2006 5.09
3747,820,1,15-02-2006 5.09
3748,820,1,15-02-2006 5.09
3749,820,1,15-02-2006 5.09
3750,820,1,15-02-2006 5.09
3751,820,2,15-02-2006 5.09
3752,820,2,15-02-2006 5.09
3753,821,2,15-02-2006 5.09
3754,821,2,15-02-2006 5.09
3755,821,2,15-02-2006 5.09
3756,821,2,15-02-2006 5.09
3757,822,2,15-02-2006 5.09
3758,822,2,15-02-2006 5.09
3759,823,1,15-02-2006 5.09
3760,823,1,15-02-2006 5.09
3761,823,1,15-02-2006 5.09
3762,823,2,15-02-2006 5.09
3763,823,2,15-02-2006 5.09
3764,823,2,15-02-2006 5.09
3765,823,2,15-02-2006 5.09
3766,824,2,15-02-2006 5.09
3767,824,2,15-02-2006 5.09
3768,824,2,15-02-2006 5.09
3769,824,2,15-02-2006 5.09
3770,825,1,15-02-2006 5.09
3771,825,1,15-02-2006 5.09
3772,825,1,15-02-2006 5.09
3773,826,2,15-02-2006 5.09
3774,826,2,15-02-2006 5.09
3775,827,1,15-02-2006 5.09
3776,827,1,15-02-2006 5.09
3777,827,2,15-02-2006 5.09
3778,827,2,15-02-2006 5.09
3779,827,2,15-02-2006 5.09
3780,827,2,15-02-2006 5.09
3781,828,2,15-02-2006 5.09
3782,828,2,15-02-2006 5.09
3783,828,2,15-02-2006 5.09
3784,828,2,15-02-2006 5.09
3785,829,1,15-02-2006 5.09
3786,829,1,15-02-2006 5.09
3787,829,2,15-02-2006 5.09
3788,829,2,15-02-2006 5.09
3789,829,2,15-02-2006 5.09
3790,830,2,15-02-2006 5.09
3791,830,2,15-02-2006 5.09
3792,830,2,15-02-2006 5.09
3793,830,2,15-02-2006 5.09
3794,831,1,15-02-2006 5.09
3795,831,1,15-02-2006 5.09
3796,831,1,15-02-2006 5.09
3797,832,1,15-02-2006 5.09
3798,832,1,15-02-2006 5.09
3799,832,1,15-02-2006 5.09
3800,832,1,15-02-2006 5.09
3801,833,1,15-02-2006 5.09
3802,833,1,15-02-2006 5.09
3803,833,1,15-02-2006 5.09
3804,833,2,15-02-2006 5.09
3805,833,2,15-02-2006 5.09
3806,833,2,15-02-2006 5.09
3807,833,2,15-02-2006 5.09
3808,834,2,15-02-2006 5.09
3809,834,2,15-02-2006 5.09
3810,834,2,15-02-2006 5.09
3811,835,1,15-02-2006 5.09
3812,835,1,15-02-2006 5.09
3813,835,1,15-02-2006 5.09
3814,835,1,15-02-2006 5.09
3815,835,2,15-02-2006 5.09
3816,835,2,15-02-2006 5.09
3817,835,2,15-02-2006 5.09
3818,835,2,15-02-2006 5.09
3819,836,1,15-02-2006 5.09
3820,836,1,15-02-2006 5.09
3821,836,1,15-02-2006 5.09
3822,837,2,15-02-2006 5.09
3823,837,2,15-02-2006 5.09
3824,837,2,15-02-2006 5.09
3825,838,1,15-02-2006 5.09
3826,838,1,15-02-2006 5.09
3827,838,2,15-02-2006 5.09
3828,838,2,15-02-2006 5.09
3829,838,2,15-02-2006 5.09
3830,838,2,15-02-2006 5.09
3831,839,2,15-02-2006 5.09
3832,839,2,15-02-2006 5.09
3833,840,1,15-02-2006 5.09
3834,840,1,15-02-2006 5.09
3835,840,1,15-02-2006 5.09
3836,840,1,15-02-2006 5.09
3837,841,1,15-02-2006 5.09
3838,841,1,15-02-2006 5.09
3839,841,1,15-02-2006 5.09
3840,841,2,15-02-2006 5.09
3841,841,2,15-02-2006 5.09
3842,841,2,15-02-2006 5.09
3843,841,2,15-02-2006 5.09
3844,842,1,15-02-2006 5.09
3845,842,1,15-02-2006 5.09
3846,842,2,15-02-2006 5.09
3847,842,2,15-02-2006 5.09
3848,843,1,15-02-2006 5.09
3849,843,1,15-02-2006 5.09
3850,843,1,15-02-2006 5.09
3851,843,1,15-02-2006 5.09
3852,843,2,15-02-2006 5.09
3853,843,2,15-02-2006 5.09
3854,843,2,15-02-2006 5.09
3855,844,1,15-02-2006 5.09
3856,844,1,15-02-2006 5.09
3857,844,2,15-02-2006 5.09
3858,844,2,15-02-2006 5.09
3859,845,1,15-02-2006 5.09
3860,845,1,15-02-2006 5.09
3861,845,1,15-02-2006 5.09
3862,845,1,15-02-2006 5.09
3863,845,2,15-02-2006 5.09
3864,845,2,15-02-2006 5.09
3865,845,2,15-02-2006 5.09
3866,846,1,15-02-2006 5.09
3867,846,1,15-02-2006 5.09
3868,846,1,15-02-2006 5.09
3869,846,1,15-02-2006 5.09
3870,846,2,15-02-2006 5.09
3871,846,2,15-02-2006 5.09
3872,846,2,15-02-2006 5.09
3873,846,2,15-02-2006 5.09
3874,847,2,15-02-2006 5.09
3875,847,2,15-02-2006 5.09
3876,847,2,15-02-2006 5.09
3877,847,2,15-02-2006 5.09
3878,848,1,15-02-2006 5.09
3879,848,1,15-02-2006 5.09
3880,848,1,15-02-2006 5.09
3881,849,1,15-02-2006 5.09
3882,849,1,15-02-2006 5.09
3883,849,1,15-02-2006 5.09
3884,849,1,15-02-2006 5.09
3885,849,2,15-02-2006 5.09
3886,849,2,15-02-2006 5.09
3887,849,2,15-02-2006 5.09
3888,849,2,15-02-2006 5.09
3889,850,1,15-02-2006 5.09
3890,850,1,15-02-2006 5.09
3891,850,1,15-02-2006 5.09
3892,850,2,15-02-2006 5.09
3893,850,2,15-02-2006 5.09
3894,850,2,15-02-2006 5.09
3895,850,2,15-02-2006 5.09
3896,851,1,15-02-2006 5.09
3897,851,1,15-02-2006 5.09
3898,851,1,15-02-2006 5.09
3899,851,2,15-02-2006 5.09
3900,851,2,15-02-2006 5.09
3901,851,2,15-02-2006 5.09
3902,852,1,15-02-2006 5.09
3903,852,1,15-02-2006 5.09
3904,852,1,15-02-2006 5.09
3905,852,1,15-02-2006 5.09
3906,852,2,15-02-2006 5.09
3907,852,2,15-02-2006 5.09
3908,852,2,15-02-2006 5.09
3909,853,1,15-02-2006 5.09
3910,853,1,15-02-2006 5.09
3911,853,1,15-02-2006 5.09
3912,854,2,15-02-2006 5.09
3913,854,2,15-02-2006 5.09
3914,854,2,15-02-2006 5.09
3915,854,2,15-02-2006 5.09
3916,855,1,15-02-2006 5.09
3917,855,1,15-02-2006 5.09
3918,855,2,15-02-2006 5.09
3919,855,2,15-02-2006 5.09
3920,856,1,15-02-2006 5.09
3921,856,1,15-02-2006 5.09
3922,856,1,15-02-2006 5.09
3923,856,1,15-02-2006 5.09
3924,856,2,15-02-2006 5.09
3925,856,2,15-02-2006 5.09
3926,856,2,15-02-2006 5.09
3927,856,2,15-02-2006 5.09
3928,857,1,15-02-2006 5.09
3929,857,1,15-02-2006 5.09
3930,857,1,15-02-2006 5.09
3931,857,2,15-02-2006 5.09
3932,857,2,15-02-2006 5.09
3933,857,2,15-02-2006 5.09
3934,857,2,15-02-2006 5.09
3935,858,2,15-02-2006 5.09
3936,858,2,15-02-2006 5.09
3937,858,2,15-02-2006 5.09
3938,858,2,15-02-2006 5.09
3939,859,1,15-02-2006 5.09
3940,859,1,15-02-2006 5.09
3941,859,1,15-02-2006 5.09
3942,859,2,15-02-2006 5.09
3943,859,2,15-02-2006 5.09
3944,859,2,15-02-2006 5.09
3945,861,1,15-02-2006 5.09
3946,861,1,15-02-2006 5.09
3947,861,1,15-02-2006 5.09
3948,861,2,15-02-2006 5.09
3949,861,2,15-02-2006 5.09
3950,861,2,15-02-2006 5.09
3951,862,1,15-02-2006 5.09
3952,862,1,15-02-2006 5.09
3953,862,1,15-02-2006 5.09
3954,862,2,15-02-2006 5.09
3955,862,2,15-02-2006 5.09
3956,863,1,15-02-2006 5.09
3957,863,1,15-02-2006 5.09
3958,863,1,15-02-2006 5.09
3959,863,1,15-02-2006 5.09
3960,863,2,15-02-2006 5.09
3961,863,2,15-02-2006 5.09
3962,863,2,15-02-2006 5.09
3963,864,1,15-02-2006 5.09
3964,864,1,15-02-2006 5.09
3965,864,1,15-02-2006 5.09
3966,864,1,15-02-2006 5.09
3967,864,2,15-02-2006 5.09
3968,864,2,15-02-2006 5.09
3969,865,1,15-02-2006 5.09
3970,865,1,15-02-2006 5.09
3971,865,1,15-02-2006 5.09
3972,865,1,15-02-2006 5.09
3973,865,2,15-02-2006 5.09
3974,865,2,15-02-2006 5.09
3975,866,2,15-02-2006 5.09
3976,866,2,15-02-2006 5.09
3977,867,1,15-02-2006 5.09
3978,867,1,15-02-2006 5.09
3979,867,1,15-02-2006 5.09
3980,867,1,15-02-2006 5.09
3981,868,1,15-02-2006 5.09
3982,868,1,15-02-2006 5.09
3983,868,1,15-02-2006 5.09
3984,869,1,15-02-2006 5.09
3985,869,1,15-02-2006 5.09
3986,869,1,15-02-2006 5.09
3987,869,1,15-02-2006 5.09
3988,869,2,15-02-2006 5.09
3989,869,2,15-02-2006 5.09
3990,869,2,15-02-2006 5.09
3991,870,1,15-02-2006 5.09
3992,870,1,15-02-2006 5.09
3993,870,1,15-02-2006 5.09
3994,870,1,15-02-2006 5.09
3995,870,2,15-02-2006 5.09
3996,870,2,15-02-2006 5.09
3997,870,2,15-02-2006 5.09
3998,870,2,15-02-2006 5.09
3999,871,1,15-02-2006 5.09
4000,871,1,15-02-2006 5.09
4001,871,2,15-02-2006 5.09
4002,871,2,15-02-2006 5.09
4003,871,2,15-02-2006 5.09
4004,872,2,15-02-2006 5.09
4005,872,2,15-02-2006 5.09
4006,872,2,15-02-2006 5.09
4007,873,1,15-02-2006 5.09
4008,873,1,15-02-2006 5.09
4009,873,1,15-02-2006 5.09
4010,873,1,15-02-2006 5.09
4011,873,2,15-02-2006 5.09
4012,873,2,15-02-2006 5.09
4013,873,2,15-02-2006 5.09
4014,873,2,15-02-2006 5.09
4015,875,1,15-02-2006 5.09
4016,875,1,15-02-2006 5.09
4017,875,1,15-02-2006 5.09
4018,875,2,15-02-2006 5.09
4019,875,2,15-02-2006 5.09
4020,875,2,15-02-2006 5.09
4021,875,2,15-02-2006 5.09
4022,876,1,15-02-2006 5.09
4023,876,1,15-02-2006 5.09
4024,877,1,15-02-2006 5.09
4025,877,1,15-02-2006 5.09
4026,877,1,15-02-2006 5.09
4027,877,2,15-02-2006 5.09
4028,877,2,15-02-2006 5.09
4029,878,2,15-02-2006 5.09
4030,878,2,15-02-2006 5.09
4031,878,2,15-02-2006 5.09
4032,878,2,15-02-2006 5.09
4033,879,1,15-02-2006 5.09
4034,879,1,15-02-2006 5.09
4035,879,1,15-02-2006 5.09
4036,879,1,15-02-2006 5.09
4037,879,2,15-02-2006 5.09
4038,879,2,15-02-2006 5.09
4039,879,2,15-02-2006 5.09
4040,880,1,15-02-2006 5.09
4041,880,1,15-02-2006 5.09
4042,880,1,15-02-2006 5.09
4043,880,1,15-02-2006 5.09
4044,880,2,15-02-2006 5.09
4045,880,2,15-02-2006 5.09
4046,880,2,15-02-2006 5.09
4047,880,2,15-02-2006 5.09
4048,881,2,15-02-2006 5.09
4049,881,2,15-02-2006 5.09
4050,881,2,15-02-2006 5.09
4051,881,2,15-02-2006 5.09
4052,882,1,15-02-2006 5.09
4053,882,1,15-02-2006 5.09
4054,882,1,15-02-2006 5.09
4055,882,1,15-02-2006 5.09
4056,883,2,15-02-2006 5.09
4057,883,2,15-02-2006 5.09
4058,884,2,15-02-2006 5.09
4059,884,2,15-02-2006 5.09
4060,884,2,15-02-2006 5.09
4061,885,1,15-02-2006 5.09
4062,885,1,15-02-2006 5.09
4063,886,1,15-02-2006 5.09
4064,886,1,15-02-2006 5.09
4065,886,1,15-02-2006 5.09
4066,886,1,15-02-2006 5.09
4067,887,1,15-02-2006 5.09
4068,887,1,15-02-2006 5.09
4069,887,1,15-02-2006 5.09
4070,887,1,15-02-2006 5.09
4071,887,2,15-02-2006 5.09
4072,887,2,15-02-2006 5.09
4073,888,1,15-02-2006 5.09
4074,888,1,15-02-2006 5.09
4075,888,1,15-02-2006 5.09
4076,888,1,15-02-2006 5.09
4077,889,1,15-02-2006 5.09
4078,889,1,15-02-2006 5.09
4079,889,1,15-02-2006 5.09
4080,890,1,15-02-2006 5.09
4081,890,1,15-02-2006 5.09
4082,890,1,15-02-2006 5.09
4083,890,2,15-02-2006 5.09
4084,890,2,15-02-2006 5.09
4085,890,2,15-02-2006 5.09
4086,890,2,15-02-2006 5.09
4087,891,1,15-02-2006 5.09
4088,891,1,15-02-2006 5.09
4089,891,1,15-02-2006 5.09
4090,891,2,15-02-2006 5.09
4091,891,2,15-02-2006 5.09
4092,891,2,15-02-2006 5.09
4093,891,2,15-02-2006 5.09
4094,892,1,15-02-2006 5.09
4095,892,1,15-02-2006 5.09
4096,892,1,15-02-2006 5.09
4097,892,2,15-02-2006 5.09
4098,892,2,15-02-2006 5.09
4099,892,2,15-02-2006 5.09
4100,892,2,15-02-2006 5.09
4101,893,1,15-02-2006 5.09
4102,893,1,15-02-2006 5.09
4103,893,1,15-02-2006 5.09
4104,893,1,15-02-2006 5.09
4105,893,2,15-02-2006 5.09
4106,893,2,15-02-2006 5.09
4107,893,2,15-02-2006 5.09
4108,893,2,15-02-2006 5.09
4109,894,1,15-02-2006 5.09
4110,894,1,15-02-2006 5.09
4111,894,1,15-02-2006 5.09
4112,894,2,15-02-2006 5.09
4113,894,2,15-02-2006 5.09
4114,895,1,15-02-2006 5.09
4115,895,1,15-02-2006 5.09
4116,895,1,15-02-2006 5.09
4117,895,1,15-02-2006 5.09
4118,895,2,15-02-2006 5.09
4119,895,2,15-02-2006 5.09
4120,895,2,15-02-2006 5.09
4121,896,1,15-02-2006 5.09
4122,896,1,15-02-2006 5.09
4123,896,2,15-02-2006 5.09
4124,896,2,15-02-2006 5.09
4125,897,1,15-02-2006 5.09
4126,897,1,15-02-2006 5.09
4127,897,1,15-02-2006 5.09
4128,897,1,15-02-2006 5.09
4129,897,2,15-02-2006 5.09
4130,897,2,15-02-2006 5.09
4131,897,2,15-02-2006 5.09
4132,897,2,15-02-2006 5.09
4133,898,1,15-02-2006 5.09
4134,898,1,15-02-2006 5.09
4135,898,1,15-02-2006 5.09
4136,898,2,15-02-2006 5.09
4137,898,2,15-02-2006 5.09
4138,899,1,15-02-2006 5.09
4139,899,1,15-02-2006 5.09
4140,899,1,15-02-2006 5.09
4141,900,1,15-02-2006 5.09
4142,900,1,15-02-2006 5.09
4143,900,2,15-02-2006 5.09
4144,900,2,15-02-2006 5.09
4145,901,1,15-02-2006 5.09
4146,901,1,15-02-2006 5.09
4147,901,1,15-02-2006 5.09
4148,901,1,15-02-2006 5.09
4149,901,2,15-02-2006 5.09
4150,901,2,15-02-2006 5.09
4151,901,2,15-02-2006 5.09
4152,902,1,15-02-2006 5.09
4153,902,1,15-02-2006 5.09
4154,902,1,15-02-2006 5.09
4155,902,1,15-02-2006 5.09
4156,902,2,15-02-2006 5.09
4157,902,2,15-02-2006 5.09
4158,902,2,15-02-2006 5.09
4159,903,2,15-02-2006 5.09
4160,903,2,15-02-2006 5.09
4161,904,1,15-02-2006 5.09
4162,904,1,15-02-2006 5.09
4163,905,1,15-02-2006 5.09
4164,905,1,15-02-2006 5.09
4165,905,1,15-02-2006 5.09
4166,906,1,15-02-2006 5.09
4167,906,1,15-02-2006 5.09
4168,906,2,15-02-2006 5.09
4169,906,2,15-02-2006 5.09
4170,906,2,15-02-2006 5.09
4171,907,1,15-02-2006 5.09
4172,907,1,15-02-2006 5.09
4173,907,1,15-02-2006 5.09
4174,907,1,15-02-2006 5.09
4175,908,1,15-02-2006 5.09
4176,908,1,15-02-2006 5.09
4177,908,2,15-02-2006 5.09
4178,908,2,15-02-2006 5.09
4179,910,2,15-02-2006 5.09
4180,910,2,15-02-2006 5.09
4181,911,1,15-02-2006 5.09
4182,911,1,15-02-2006 5.09
4183,911,1,15-02-2006 5.09
4184,911,1,15-02-2006 5.09
4185,911,2,15-02-2006 5.09
4186,911,2,15-02-2006 5.09
4187,911,2,15-02-2006 5.09
4188,911,2,15-02-2006 5.09
4189,912,1,15-02-2006 5.09
4190,912,1,15-02-2006 5.09
4191,912,1,15-02-2006 5.09
4192,912,2,15-02-2006 5.09
4193,912,2,15-02-2006 5.09
4194,912,2,15-02-2006 5.09
4195,913,1,15-02-2006 5.09
4196,913,1,15-02-2006 5.09
4197,913,1,15-02-2006 5.09
4198,913,1,15-02-2006 5.09
4199,913,2,15-02-2006 5.09
4200,913,2,15-02-2006 5.09
4201,914,1,15-02-2006 5.09
4202,914,1,15-02-2006 5.09
4203,914,2,15-02-2006 5.09
4204,914,2,15-02-2006 5.09
4205,914,2,15-02-2006 5.09
4206,914,2,15-02-2006 5.09
4207,915,1,15-02-2006 5.09
4208,915,1,15-02-2006 5.09
4209,915,1,15-02-2006 5.09
4210,915,1,15-02-2006 5.09
4211,915,2,15-02-2006 5.09
4212,915,2,15-02-2006 5.09
4213,916,1,15-02-2006 5.09
4214,916,1,15-02-2006 5.09
4215,916,2,15-02-2006 5.09
4216,916,2,15-02-2006 5.09
4217,917,1,15-02-2006 5.09
4218,917,1,15-02-2006 5.09
4219,917,1,15-02-2006 5.09
4220,917,2,15-02-2006 5.09
4221,917,2,15-02-2006 5.09
4222,918,2,15-02-2006 5.09
4223,918,2,15-02-2006 5.09
4224,918,2,15-02-2006 5.09
4225,918,2,15-02-2006 5.09
4226,919,1,15-02-2006 5.09
4227,919,1,15-02-2006 5.09
4228,919,1,15-02-2006 5.09
4229,919,1,15-02-2006 5.09
4230,920,1,15-02-2006 5.09
4231,920,1,15-02-2006 5.09
4232,920,1,15-02-2006 5.09
4233,920,2,15-02-2006 5.09
4234,920,2,15-02-2006 5.09
4235,921,1,15-02-2006 5.09
4236,921,1,15-02-2006 5.09
4237,921,2,15-02-2006 5.09
4238,921,2,15-02-2006 5.09
4239,922,1,15-02-2006 5.09
4240,922,1,15-02-2006 5.09
4241,922,1,15-02-2006 5.09
4242,922,2,15-02-2006 5.09
4243,922,2,15-02-2006 5.09
4244,922,2,15-02-2006 5.09
4245,922,2,15-02-2006 5.09
4246,923,2,15-02-2006 5.09
4247,923,2,15-02-2006 5.09
4248,923,2,15-02-2006 5.09
4249,924,1,15-02-2006 5.09
4250,924,1,15-02-2006 5.09
4251,924,2,15-02-2006 5.09
4252,924,2,15-02-2006 5.09
4253,924,2,15-02-2006 5.09
4254,925,1,15-02-2006 5.09
4255,925,1,15-02-2006 5.09
4256,925,1,15-02-2006 5.09
4257,925,2,15-02-2006 5.09
4258,925,2,15-02-2006 5.09
4259,926,2,15-02-2006 5.09
4260,926,2,15-02-2006 5.09
4261,927,1,15-02-2006 5.09
4262,927,1,15-02-2006 5.09
4263,927,1,15-02-2006 5.09
4264,927,1,15-02-2006 5.09
4265,928,1,15-02-2006 5.09
4266,928,1,15-02-2006 5.09
4267,928,1,15-02-2006 5.09
4268,929,1,15-02-2006 5.09
4269,929,1,15-02-2006 5.09
4270,929,1,15-02-2006 5.09
4271,929,1,15-02-2006 5.09
4272,930,1,15-02-2006 5.09
4273,930,1,15-02-2006 5.09
4274,930,1,15-02-2006 5.09
4275,930,2,15-02-2006 5.09
4276,930,2,15-02-2006 5.09
4277,930,2,15-02-2006 5.09
4278,931,2,15-02-2006 5.09
4279,931,2,15-02-2006 5.09
4280,931,2,15-02-2006 5.09
4281,932,1,15-02-2006 5.09
4282,932,1,15-02-2006 5.09
4283,932,2,15-02-2006 5.09
4284,932,2,15-02-2006 5.09
4285,933,1,15-02-2006 5.09
4286,933,1,15-02-2006 5.09
4287,933,1,15-02-2006 5.09
4288,934,2,15-02-2006 5.09
4289,934,2,15-02-2006 5.09
4290,934,2,15-02-2006 5.09
4291,935,2,15-02-2006 5.09
4292,935,2,15-02-2006 5.09
4293,936,1,15-02-2006 5.09
4294,936,1,15-02-2006 5.09
4295,936,2,15-02-2006 5.09
4296,936,2,15-02-2006 5.09
4297,936,2,15-02-2006 5.09
4298,936,2,15-02-2006 5.09
4299,937,1,15-02-2006 5.09
4300,937,1,15-02-2006 5.09
4301,937,2,15-02-2006 5.09
4302,937,2,15-02-2006 5.09
4303,937,2,15-02-2006 5.09
4304,938,1,15-02-2006 5.09
4305,938,1,15-02-2006 5.09
4306,938,1,15-02-2006 5.09
4307,938,1,15-02-2006 5.09
4308,938,2,15-02-2006 5.09
4309,938,2,15-02-2006 5.09
4310,939,2,15-02-2006 5.09
4311,939,2,15-02-2006 5.09
4312,939,2,15-02-2006 5.09
4313,939,2,15-02-2006 5.09
4314,940,1,15-02-2006 5.09
4315,940,1,15-02-2006 5.09
4316,940,1,15-02-2006 5.09
4317,941,1,15-02-2006 5.09
4318,941,1,15-02-2006 5.09
4319,941,1,15-02-2006 5.09
4320,941,1,15-02-2006 5.09
4321,941,2,15-02-2006 5.09
4322,941,2,15-02-2006 5.09
4323,941,2,15-02-2006 5.09
4324,942,1,15-02-2006 5.09
4325,942,1,15-02-2006 5.09
4326,942,2,15-02-2006 5.09
4327,942,2,15-02-2006 5.09
4328,944,1,15-02-2006 5.09
4329,944,1,15-02-2006 5.09
4330,944,2,15-02-2006 5.09
4331,944,2,15-02-2006 5.09
4332,944,2,15-02-2006 5.09
4333,945,1,15-02-2006 5.09
4334,945,1,15-02-2006 5.09
4335,945,1,15-02-2006 5.09
4336,945,1,15-02-2006 5.09
4337,945,2,15-02-2006 5.09
4338,945,2,15-02-2006 5.09
4339,945,2,15-02-2006 5.09
4340,945,2,15-02-2006 5.09
4341,946,2,15-02-2006 5.09
4342,946,2,15-02-2006 5.09
4343,946,2,15-02-2006 5.09
4344,946,2,15-02-2006 5.09
4345,947,1,15-02-2006 5.09
4346,947,1,15-02-2006 5.09
4347,948,1,15-02-2006 5.09
4348,948,1,15-02-2006 5.09
4349,948,2,15-02-2006 5.09
4350,948,2,15-02-2006 5.09
4351,948,2,15-02-2006 5.09
4352,948,2,15-02-2006 5.09
4353,949,1,15-02-2006 5.09
4354,949,1,15-02-2006 5.09
4355,949,1,15-02-2006 5.09
4356,949,1,15-02-2006 5.09
4357,949,2,15-02-2006 5.09
4358,949,2,15-02-2006 5.09
4359,951,1,15-02-2006 5.09
4360,951,1,15-02-2006 5.09
4361,951,1,15-02-2006 5.09
4362,951,2,15-02-2006 5.09
4363,951,2,15-02-2006 5.09
4364,951,2,15-02-2006 5.09
4365,951,2,15-02-2006 5.09
4366,952,1,15-02-2006 5.09
4367,952,1,15-02-2006 5.09
4368,952,1,15-02-2006 5.09
4369,953,1,15-02-2006 5.09
4370,953,1,15-02-2006 5.09
4371,953,1,15-02-2006 5.09
4372,953,1,15-02-2006 5.09
4373,953,2,15-02-2006 5.09
4374,953,2,15-02-2006 5.09
4375,956,1,15-02-2006 5.09
4376,956,1,15-02-2006 5.09
4377,956,1,15-02-2006 5.09
4378,956,1,15-02-2006 5.09
4379,957,1,15-02-2006 5.09
4380,957,1,15-02-2006 5.09
4381,957,1,15-02-2006 5.09
4382,957,2,15-02-2006 5.09
4383,957,2,15-02-2006 5.09
4384,958,1,15-02-2006 5.09
4385,958,1,15-02-2006 5.09
4386,958,1,15-02-2006 5.09
4387,958,2,15-02-2006 5.09
4388,958,2,15-02-2006 5.09
4389,958,2,15-02-2006 5.09
4390,959,1,15-02-2006 5.09
4391,959,1,15-02-2006 5.09
4392,960,2,15-02-2006 5.09
4393,960,2,15-02-2006 5.09
4394,960,2,15-02-2006 5.09
4395,961,1,15-02-2006 5.09
4396,961,1,15-02-2006 5.09
4397,961,1,15-02-2006 5.09
4398,961,2,15-02-2006 5.09
4399,961,2,15-02-2006 5.09
4400,962,1,15-02-2006 5.09
4401,962,1,15-02-2006 5.09
4402,962,1,15-02-2006 5.09
4403,962,1,15-02-2006 5.09
4404,963,1,15-02-2006 5.09
4405,963,1,15-02-2006 5.09
4406,963,2,15-02-2006 5.09
4407,963,2,15-02-2006 5.09
4408,963,2,15-02-2006 5.09
4409,964,1,15-02-2006 5.09
4410,964,1,15-02-2006 5.09
4411,964,1,15-02-2006 5.09
4412,964,2,15-02-2006 5.09
4413,964,2,15-02-2006 5.09
4414,965,1,15-02-2006 5.09
4415,965,1,15-02-2006 5.09
4416,966,1,15-02-2006 5.09
4417,966,1,15-02-2006 5.09
4418,966,2,15-02-2006 5.09
4419,966,2,15-02-2006 5.09
4420,966,2,15-02-2006 5.09
4421,966,2,15-02-2006 5.09
4422,967,1,15-02-2006 5.09
4423,967,1,15-02-2006 5.09
4424,967,1,15-02-2006 5.09
4425,967,2,15-02-2006 5.09
4426,967,2,15-02-2006 5.09
4427,968,1,15-02-2006 5.09
4428,968,1,15-02-2006 5.09
4429,968,1,15-02-2006 5.09
4430,969,1,15-02-2006 5.09
4431,969,1,15-02-2006 5.09
4432,969,1,15-02-2006 5.09
4433,969,1,15-02-2006 5.09
4434,970,1,15-02-2006 5.09
4435,970,1,15-02-2006 5.09
4436,970,1,15-02-2006 5.09
4437,970,2,15-02-2006 5.09
4438,970,2,15-02-2006 5.09
4439,970,2,15-02-2006 5.09
4440,970,2,15-02-2006 5.09
4441,971,1,15-02-2006 5.09
4442,971,1,15-02-2006 5.09
4443,971,1,15-02-2006 5.09
4444,971,1,15-02-2006 5.09
4445,972,1,15-02-2006 5.09
4446,972,1,15-02-2006 5.09
4447,972,1,15-02-2006 5.09
4448,972,2,15-02-2006 5.09
4449,972,2,15-02-2006 5.09
4450,972,2,15-02-2006 5.09
4451,973,1,15-02-2006 5.09
4452,973,1,15-02-2006 5.09
4453,973,1,15-02-2006 5.09
4454,973,1,15-02-2006 5.09
4455,973,2,15-02-2006 5.09
4456,973,2,15-02-2006 5.09
4457,973,2,15-02-2006 5.09
4458,973,2,15-02-2006 5.09
4459,974,1,15-02-2006 5.09
4460,974,1,15-02-2006 5.09
4461,975,1,15-02-2006 5.09
4462,975,1,15-02-2006 5.09
4463,975,2,15-02-2006 5.09
4464,975,2,15-02-2006 5.09
4465,975,2,15-02-2006 5.09
4466,976,1,15-02-2006 5.09
4467,976,1,15-02-2006 5.09
4468,976,2,15-02-2006 5.09
4469,976,2,15-02-2006 5.09
4470,976,2,15-02-2006 5.09
4471,976,2,15-02-2006 5.09
4472,977,2,15-02-2006 5.09
4473,977,2,15-02-2006 5.09
4474,977,2,15-02-2006 5.09
4475,978,1,15-02-2006 5.09
4476,978,1,15-02-2006 5.09
4477,978,1,15-02-2006 5.09
4478,979,1,15-02-2006 5.09
4479,979,1,15-02-2006 5.09
4480,979,1,15-02-2006 5.09
4481,979,1,15-02-2006 5.09
4482,979,2,15-02-2006 5.09
4483,979,2,15-02-2006 5.09
4484,979,2,15-02-2006 5.09
4485,980,1,15-02-2006 5.09
4486,980,1,15-02-2006 5.09
4487,980,1,15-02-2006 5.09
4488,980,2,15-02-2006 5.09
4489,980,2,15-02-2006 5.09
4490,981,1,15-02-2006 5.09
4491,981,1,15-02-2006 5.09
4492,981,1,15-02-2006 5.09
4493,981,2,15-02-2006 5.09
4494,981,2,15-02-2006 5.09
4495,981,2,15-02-2006 5.09
4496,982,1,15-02-2006 5.09
4497,982,1,15-02-2006 5.09
4498,982,1,15-02-2006 5.09
4499,982,2,15-02-2006 5.09
4500,982,2,15-02-2006 5.09
4501,982,2,15-02-2006 5.09
4502,982,2,15-02-2006 5.09
4503,983,1,15-02-2006 5.09
4504,983,1,15-02-2006 5.09
4505,983,1,15-02-2006 5.09
4506,984,1,15-02-2006 5.09
4507,984,1,15-02-2006 5.09
4508,985,1,15-02-2006 5.09
4509,985,1,15-02-2006 5.09
4510,985,1,15-02-2006 5.09
4511,985,1,15-02-2006 5.09
4512,985,2,15-02-2006 5.09
4513,985,2,15-02-2006 5.09
4514,985,2,15-02-2006 5.09
4515,986,1,15-02-2006 5.09
4516,986,1,15-02-2006 5.09
4517,986,1,15-02-2006 5.09
4518,986,1,15-02-2006 5.09
4519,986,2,15-02-2006 5.09
4520,986,2,15-02-2006 5.09
4521,987,1,15-02-2006 5.09
4522,987,1,15-02-2006 5.09
4523,987,2,15-02-2006 5.09
4524,987,2,15-02-2006 5.09
4525,988,1,15-02-2006 5.09
4526,988,1,15-02-2006 5.09
4527,988,1,15-02-2006 5.09
4528,988,2,15-02-2006 5.09
4529,988,2,15-02-2006 5.09
4530,989,1,15-02-2006 5.09
4531,989,1,15-02-2006 5.09
4532,989,1,15-02-2006 5.09
4533,989,1,15-02-2006 5.09
4534,989,2,15-02-2006 5.09
4535,989,2,15-02-2006 5.09
4536,990,2,15-02-2006 5.09
4537,990,2,15-02-2006 5.09
4538,991,1,15-02-2006 5.09
4539,991,1,15-02-2006 5.09
4540,991,2,15-02-2006 5.09
4541,991,2,15-02-2006 5.09
4542,991,2,15-02-2006 5.09
4543,992,2,15-02-2006 5.09
4544,992,2,15-02-2006 5.09
4545,992,2,15-02-2006 5.09
4546,992,2,15-02-2006 5.09
4547,993,1,15-02-2006 5.09
4548,993,1,15-02-2006 5.09
4549,993,1,15-02-2006 5.09
4550,993,1,15-02-2006 5.09
4551,993,2,15-02-2006 5.09
4552,993,2,15-02-2006 5.09
4553,993,2,15-02-2006 5.09
4554,994,1,15-02-2006 5.09
4555,994,1,15-02-2006 5.09
4556,994,1,15-02-2006 5.09
4557,995,1,15-02-2006 5.09
4558,995,1,15-02-2006 5.09
4559,995,1,15-02-2006 5.09
4560,995,1,15-02-2006 5.09
4561,995,2,15-02-2006 5.09
4562,995,2,15-02-2006 5.09
4563,996,1,15-02-2006 5.09
4564,996,1,15-02-2006 5.09
4565,997,1,15-02-2006 5.09
4566,997,1,15-02-2006 5.09
4567,998,2,15-02-2006 5.09
4568,998,2,15-02-2006 5.09
4569,999,1,15-02-2006 5.09
4570,999,1,15-02-2006 5.09
4571,999,2,15-02-2006 5.09
4572,999,2,15-02-2006 5.09
4573,999,2,15-02-2006 5.09
4574,1000,1,15-02-2006 5.09
4575,1000,1,15-02-2006 5.09
4576,1000,1,15-02-2006 5.09
4577,1000,1,15-02-2006 5.09
4578,1000,2,15-02-2006 5.09
4579,1000,2,15-02-2006 5.09
4580,1000,2,15-02-2006 5.09
4581,1000,2,15-02-2006 5.09
